city,name_chinese,name_english,address,category_2,category_1,number
El Monte,美德素齋,MERIT VEGGIE PLACE,11022 Lower Azusa Rd.,RESTAURANTS-VEGETARIAN,餐飲食品,626-279-2098
Arcadia,芽菜坊素食小館,BEAN SPROUTS VEGETARIAN RESTAURANT,103 E. Huntington Dr.,RESTAURANTS-VEGETARIAN,餐飲食品,626-254-8708
San Gabriel,巧園素菜餐廳,FINE GARDEN VEGETARIAN CUISINE,841 W. Las Tunas Dr.,RESTAURANTS-VEGETARIAN,餐飲食品,626-282-2282
Hacienda Hts.,新澄慧素食,GARDEN FRESH VEGETARIAN FOOD,16034 Gale Ave.,RESTAURANTS-VEGETARIAN,餐飲食品,626-968-2279
San Gabriel,御素坊,GOURMET VEGETARIAN RESTAURANT,140 W. Valley Bl. #222,RESTAURANTS-VEGETARIAN,餐飲食品,626-280-5998
San Bernardino,欣園素菜館,HAPPY FAMILY VEGETARIAN RESTAU,2150 S. Waterman Ave.,RESTAURANTS-VEGETARIAN,餐飲食品,909-783-8928
Costa Mesa,欣園素菜館,HAPPY FAMILY VEGETARIAN RESTAU,1400 Bristol St.,RESTAURANTS-VEGETARIAN,餐飲食品,714-668-9288
Rowland Hts.,欣園素菜館,HAPPY FAMILY VEGETARIAN RESTAU,18425 E. Colima Rd. 2nd Fl.,RESTAURANTS-VEGETARIAN,餐飲食品,626-965-9923
Rowland Hts.,寬心園素菜餐廳,HAPPY VEGGIE GARDEN,1015 S. Nogales St. #127A,RESTAURANTS-VEGETARIAN,餐飲食品,626-810-2298
Alhambra,愛家國際連鎖素食餐飲,LOVING HUT - VEGAN / VEGETARIA,621 W. Main St.,RESTAURANTS-VEGETARIAN,餐飲食品,626-289-2684
Rosemead,新欣園素菜館,NEW HAPPY FAMILY RESTAURANT,8632 E. Valley Bl. #E,RESTAURANTS-VEGETARIAN,餐飲食品,626-288-5786
West Covina,ONE WORLD素餐館,ONE WORLD VEGETARIAN CUISINE,178 S. Glendora Ave.,RESTAURANTS-VEGETARIAN,餐飲食品,626-917-2727
Arcadia,一品齋,SUPREME VEGETARIAN CUISINE,558 W. Las Tunas Dr.,RESTAURANTS-VEGETARIAN,餐飲食品,626-445-8882
Granada Hills,天香素菜館,VEGETABLE DELIGHT RESTAURANT,17823 Chatsworth St.,RESTAURANTS-VEGETARIAN,餐飲食品,818-360-3997
Pasadena,新概念健康素食,VEGGIE & TEA HOUSE,1055 E. Clorado Bl. #102,RESTAURANTS-VEGETARIAN,餐飲食品,626-440-0088
Upland,愛家素食餐廳,VEGGIE ERA,903 W. Foothill Bl. #B,RESTAURANTS-VEGETARIAN,餐飲食品,909-982-3882
Los Angeles,,VEGGIE GRILL,8000 W Sunset Bl,RESTAURANTS-VEGETARIAN,餐飲食品,323-822-7575
Cerritos,素香緣,VEGI WOKERY,11329 183rd St.,RESTAURANTS-VEGETARIAN,餐飲食品,562-809-3928
El Monte,美德素齋,MERIT VEGGIE PLACE,11022 Lower Azusa Rd.,RESTAURANTS-VEGETARIAN,餐飲食品,626-279-2098
Rowland Hts.,寬心園素菜餐廳,HAPPY VEGGIE GARDEN,1015 S. Nogales St. #127A,RESTAURANTS-VEGETARIAN,餐飲食品,626-810-2298
Arcadia,芽菜坊素食小館,BEAN SPROUTS VEGETARIAN RESTAURANT,103 E. Huntington Dr.,RESTAURANTS-VEGETARIAN,餐飲食品,626-254-8708
Pasadena,新概念健康素食,VEGGIE & TEA HOUSE,1055 E. Clorado Bl. #102,RESTAURANTS-VEGETARIAN,餐飲食品,626-440-0088
Cerritos,素香緣,VEGI WOKERY,11329 183rd St.,RESTAURANTS-VEGETARIAN,餐飲食品,562-809-3928
San Gabriel,御素坊,GOURMET VEGETARIAN RESTAURANT,140 W. Valley Bl. #222,RESTAURANTS-VEGETARIAN,餐飲食品,626-280-5998
Costa Mesa,欣園素菜館,HAPPY FAMILY VEGETARIAN RESTAU,1400 Bristol St.,RESTAURANTS-VEGETARIAN,餐飲食品,714-668-9288
Hacienda Hts.,新澄慧素食,GARDEN FRESH VEGETARIAN FOOD,16034 Gale Ave.,RESTAURANTS-VEGETARIAN,餐飲食品,626-968-2279
West Covina,ONE WORLD素餐館,ONE WORLD VEGETARIAN CUISINE,178 S. Glendora Ave.,RESTAURANTS-VEGETARIAN,餐飲食品,626-917-2727
Granada Hills,天香素菜館,VEGETABLE DELIGHT RESTAURANT,17823 Chatsworth St.,RESTAURANTS-VEGETARIAN,餐飲食品,818-360-3997
Rowland Hts.,欣園素菜館,HAPPY FAMILY VEGETARIAN RESTAU,18425 E. Colima Rd. 2nd Fl.,RESTAURANTS-VEGETARIAN,餐飲食品,626-965-9923
San Bernardino,欣園素菜館,HAPPY FAMILY VEGETARIAN RESTAU,2150 S. Waterman Ave.,RESTAURANTS-VEGETARIAN,餐飲食品,909-783-8928
Arcadia,一品齋,SUPREME VEGETARIAN CUISINE,558 W. Las Tunas Dr.,RESTAURANTS-VEGETARIAN,餐飲食品,626-445-8882
Alhambra,愛家國際連鎖素食餐飲,LOVING HUT - VEGAN / VEGETARIA,621 W. Main St.,RESTAURANTS-VEGETARIAN,餐飲食品,626-289-2684
Los Angeles,,VEGGIE GRILL,8000 W Sunset Bl,RESTAURANTS-VEGETARIAN,餐飲食品,323-822-7575
San Gabriel,巧園素菜餐廳,FINE GARDEN VEGETARIAN CUISINE,841 W. Las Tunas Dr.,RESTAURANTS-VEGETARIAN,餐飲食品,626-282-2282
Rosemead,新欣園素菜館,NEW HAPPY FAMILY RESTAURANT,8632 E. Valley Bl. #E,RESTAURANTS-VEGETARIAN,餐飲食品,626-288-5786
Upland,愛家素食餐廳,VEGGIE ERA,903 W. Foothill Bl. #B,RESTAURANTS-VEGETARIAN,餐飲食品,909-982-3882
El Monte,美德素齋,MERIT VEGGIE PLACE,11022 Lower Azusa Rd.,RESTAURANTS-VEGETARIAN,餐飲食品,626-279-2098
Alhambra,愛家國際連鎖素食餐飲,LOVING HUT - VEGAN / VEGETARIA,621 W. Main St.,RESTAURANTS-VEGETARIAN,餐飲食品,626-289-2684
Arcadia,芽菜坊素食小館,BEAN SPROUTS VEGETARIAN RESTAURANT,103 E. Huntington Dr.,RESTAURANTS-VEGETARIAN,餐飲食品,626-254-8708
Arcadia,一品齋,SUPREME VEGETARIAN CUISINE,558 W. Las Tunas Dr.,RESTAURANTS-VEGETARIAN,餐飲食品,626-445-8882
Cerritos,素香緣,VEGI WOKERY,11329 183rd St.,RESTAURANTS-VEGETARIAN,餐飲食品,562-809-3928
Costa Mesa,欣園素菜館,HAPPY FAMILY VEGETARIAN RESTAU,1400 Bristol St.,RESTAURANTS-VEGETARIAN,餐飲食品,714-668-9288
Granada Hills,天香素菜館,VEGETABLE DELIGHT RESTAURANT,17823 Chatsworth St.,RESTAURANTS-VEGETARIAN,餐飲食品,818-360-3997
Hacienda Hts.,新澄慧素食,GARDEN FRESH VEGETARIAN FOOD,16034 Gale Ave.,RESTAURANTS-VEGETARIAN,餐飲食品,626-968-2279
Los Angeles,,VEGGIE GRILL,8000 W Sunset Bl,RESTAURANTS-VEGETARIAN,餐飲食品,323-822-7575
Pasadena,新概念健康素食,VEGGIE & TEA HOUSE,1055 E. Clorado Bl. #102,RESTAURANTS-VEGETARIAN,餐飲食品,626-440-0088
Rosemead,新欣園素菜館,NEW HAPPY FAMILY RESTAURANT,8632 E. Valley Bl. #E,RESTAURANTS-VEGETARIAN,餐飲食品,626-288-5786
Rowland Hts.,欣園素菜館,HAPPY FAMILY VEGETARIAN RESTAU,18425 E. Colima Rd. 2nd Fl.,RESTAURANTS-VEGETARIAN,餐飲食品,626-965-9923
Rowland Hts.,寬心園素菜餐廳,HAPPY VEGGIE GARDEN,1015 S. Nogales St. #127A,RESTAURANTS-VEGETARIAN,餐飲食品,626-810-2298
San Bernardino,欣園素菜館,HAPPY FAMILY VEGETARIAN RESTAU,2150 S. Waterman Ave.,RESTAURANTS-VEGETARIAN,餐飲食品,909-783-8928
San Gabriel,巧園素菜餐廳,FINE GARDEN VEGETARIAN CUISINE,841 W. Las Tunas Dr.,RESTAURANTS-VEGETARIAN,餐飲食品,626-282-2282
San Gabriel,御素坊,GOURMET VEGETARIAN RESTAURANT,140 W. Valley Bl. #222,RESTAURANTS-VEGETARIAN,餐飲食品,626-280-5998
Upland,愛家素食餐廳,VEGGIE ERA,903 W. Foothill Bl. #B,RESTAURANTS-VEGETARIAN,餐飲食品,909-982-3882
West Covina,ONE WORLD素餐館,ONE WORLD VEGETARIAN CUISINE,178 S. Glendora Ave.,RESTAURANTS-VEGETARIAN,餐飲食品,626-917-2727
El Monte,美德素齋,MERIT VEGGIE PLACE,11022 Lower Azusa Rd.,RESTAURANTS-VEGETARIAN,餐飲食品,626-279-2098
Los Angeles,,VEGGIE GRILL,8000 W Sunset Bl,RESTAURANTS-VEGETARIAN,餐飲食品,323-822-7575
Cerritos,素香緣,VEGI WOKERY,11329 183rd St.,RESTAURANTS-VEGETARIAN,餐飲食品,562-809-3928
Arcadia,芽菜坊素食小館,BEAN SPROUTS VEGETARIAN RESTAURANT,103 E. Huntington Dr.,RESTAURANTS-VEGETARIAN,餐飲食品,626-254-8708
San Gabriel,御素坊,GOURMET VEGETARIAN RESTAURANT,140 W. Valley Bl. #222,RESTAURANTS-VEGETARIAN,餐飲食品,626-280-5998
San Gabriel,巧園素菜餐廳,FINE GARDEN VEGETARIAN CUISINE,841 W. Las Tunas Dr.,RESTAURANTS-VEGETARIAN,餐飲食品,626-282-2282
Rosemead,新欣園素菜館,NEW HAPPY FAMILY RESTAURANT,8632 E. Valley Bl. #E,RESTAURANTS-VEGETARIAN,餐飲食品,626-288-5786
Alhambra,愛家國際連鎖素食餐飲,LOVING HUT - VEGAN / VEGETARIA,621 W. Main St.,RESTAURANTS-VEGETARIAN,餐飲食品,626-289-2684
Pasadena,新概念健康素食,VEGGIE & TEA HOUSE,1055 E. Clorado Bl. #102,RESTAURANTS-VEGETARIAN,餐飲食品,626-440-0088
Arcadia,一品齋,SUPREME VEGETARIAN CUISINE,558 W. Las Tunas Dr.,RESTAURANTS-VEGETARIAN,餐飲食品,626-445-8882
Rowland Hts.,寬心園素菜餐廳,HAPPY VEGGIE GARDEN,1015 S. Nogales St. #127A,RESTAURANTS-VEGETARIAN,餐飲食品,626-810-2298
West Covina,ONE WORLD素餐館,ONE WORLD VEGETARIAN CUISINE,178 S. Glendora Ave.,RESTAURANTS-VEGETARIAN,餐飲食品,626-917-2727
Rowland Hts.,欣園素菜館,HAPPY FAMILY VEGETARIAN RESTAU,18425 E. Colima Rd. 2nd Fl.,RESTAURANTS-VEGETARIAN,餐飲食品,626-965-9923
Hacienda Hts.,新澄慧素食,GARDEN FRESH VEGETARIAN FOOD,16034 Gale Ave.,RESTAURANTS-VEGETARIAN,餐飲食品,626-968-2279
Costa Mesa,欣園素菜館,HAPPY FAMILY VEGETARIAN RESTAU,1400 Bristol St.,RESTAURANTS-VEGETARIAN,餐飲食品,714-668-9288
Granada Hills,天香素菜館,VEGETABLE DELIGHT RESTAURANT,17823 Chatsworth St.,RESTAURANTS-VEGETARIAN,餐飲食品,818-360-3997
San Bernardino,欣園素菜館,HAPPY FAMILY VEGETARIAN RESTAU,2150 S. Waterman Ave.,RESTAURANTS-VEGETARIAN,餐飲食品,909-783-8928
Upland,愛家素食餐廳,VEGGIE ERA,903 W. Foothill Bl. #B,RESTAURANTS-VEGETARIAN,餐飲食品,909-982-3882
El Monte,美德素齋,MERIT VEGGIE PLACE,11022 Lower Azusa Rd.,RESTAURANTS-VEGETARIAN,餐飲食品,626-279-2098
Los Angeles,,VEGGIE GRILL,8000 W Sunset Bl,RESTAURANTS-VEGETARIAN,餐飲食品,323-822-7575
West Covina,ONE WORLD素餐館,ONE WORLD VEGETARIAN CUISINE,178 S. Glendora Ave.,RESTAURANTS-VEGETARIAN,餐飲食品,626-917-2727
Arcadia,一品齋,SUPREME VEGETARIAN CUISINE,558 W. Las Tunas Dr.,RESTAURANTS-VEGETARIAN,餐飲食品,626-445-8882
Granada Hills,天香素菜館,VEGETABLE DELIGHT RESTAURANT,17823 Chatsworth St.,RESTAURANTS-VEGETARIAN,餐飲食品,818-360-3997
Rowland Hts.,寬心園素菜餐廳,HAPPY VEGGIE GARDEN,1015 S. Nogales St. #127A,RESTAURANTS-VEGETARIAN,餐飲食品,626-810-2298
San Gabriel,巧園素菜餐廳,FINE GARDEN VEGETARIAN CUISINE,841 W. Las Tunas Dr.,RESTAURANTS-VEGETARIAN,餐飲食品,626-282-2282
San Gabriel,御素坊,GOURMET VEGETARIAN RESTAURANT,140 W. Valley Bl. #222,RESTAURANTS-VEGETARIAN,餐飲食品,626-280-5998
Alhambra,愛家國際連鎖素食餐飲,LOVING HUT - VEGAN / VEGETARIA,621 W. Main St.,RESTAURANTS-VEGETARIAN,餐飲食品,626-289-2684
Upland,愛家素食餐廳,VEGGIE ERA,903 W. Foothill Bl. #B,RESTAURANTS-VEGETARIAN,餐飲食品,909-982-3882
Pasadena,新概念健康素食,VEGGIE & TEA HOUSE,1055 E. Clorado Bl. #102,RESTAURANTS-VEGETARIAN,餐飲食品,626-440-0088
Rosemead,新欣園素菜館,NEW HAPPY FAMILY RESTAURANT,8632 E. Valley Bl. #E,RESTAURANTS-VEGETARIAN,餐飲食品,626-288-5786
Hacienda Hts.,新澄慧素食,GARDEN FRESH VEGETARIAN FOOD,16034 Gale Ave.,RESTAURANTS-VEGETARIAN,餐飲食品,626-968-2279
San Bernardino,欣園素菜館,HAPPY FAMILY VEGETARIAN RESTAU,2150 S. Waterman Ave.,RESTAURANTS-VEGETARIAN,餐飲食品,909-783-8928
Costa Mesa,欣園素菜館,HAPPY FAMILY VEGETARIAN RESTAU,1400 Bristol St.,RESTAURANTS-VEGETARIAN,餐飲食品,714-668-9288
Rowland Hts.,欣園素菜館,HAPPY FAMILY VEGETARIAN RESTAU,18425 E. Colima Rd. 2nd Fl.,RESTAURANTS-VEGETARIAN,餐飲食品,626-965-9923
Cerritos,素香緣,VEGI WOKERY,11329 183rd St.,RESTAURANTS-VEGETARIAN,餐飲食品,562-809-3928
Arcadia,芽菜坊素食小館,BEAN SPROUTS VEGETARIAN RESTAURANT,103 E. Huntington Dr.,RESTAURANTS-VEGETARIAN,餐飲食品,626-254-8708
Lucerne Valley,鮮美農場,FRESH FAME INC.,27 Post Office Rd.,FARM PRODUCE,餐飲食品,626-380-6506
Ontario,鍾氏養雞場,JONG'S EGG RANCH INC.,10076 Edison Ave.,FARM PRODUCE,餐飲食品,909-947-0601
Riverside,鍾氏有機肥料,JONG'S ORGANIC FERTILIZERS INC.,3410 La Sierra Ave.,FARM PRODUCE,餐飲食品,951-204-1688
San Bernardino,良機農場,LUCKY FARMS INC.,1194 Brier Dr.,FARM PRODUCE,餐飲食品,909-799-6688
Rancho Santa Margarita,PPG人工果嶺,PROFESSIONAL PUTTING GREENS & SYNTHETIC TURF PRODUCTS,28562 Oso Pkwy. #D528,FARM PRODUCE,餐飲食品,949-709-5889
S. El Monte,四季酒業公司,CNS ENTERPRISES INC.,2708 Chico Ave.,FOOD PRODUCTS-RETAIL & WHOLESALE,餐飲食品,888-239-1849 626-579-0586
El Monte,華晟食品,RIVERA FOOD SERVICE INC.,4308 Baldwin Ave.,FOOD PRODUCTS-RETAIL & WHOLESALE,餐飲食品,626-443-6699
City of Industry,新興公司,SUN HING FOODSINC,15939 E. Valley Bl.,FOOD PRODUCTS-RETAIL & WHOLESALE,餐飲食品,626-961-6868
Los Angeles,SELECT MEAT CO.,,670 Mesquit St.,FOOD PRODUCTS-RETAIL & WHOLESALE,餐飲食品,949-574-2990
City of Industry,RED SHELL FOODSINC.,,825 Baldwin Park Bl.,FOOD PRODUCTS-RETAIL & WHOLESALE,餐飲食品,626-937-6501
San Gabriel,優之良品,AJI ICHIBAN LOS ANGELES INC.,140 W. Valley Bl. #109,FOOD PRODUCTS-RETAIL & WHOLESALE,餐飲食品,626-280-6383
Torrance,烹大師,AJINOMOTO USA,3460 Torrance Bl. #310,FOOD PRODUCTS-RETAIL & WHOLESALE,餐飲食品,310-543-8600
Alhambra,,AKAI RICE,125 W. Main St. #B,FOOD PRODUCTS-RETAIL & WHOLESALE,餐飲食品,626-457-9988
El Monte,素食批發,ALL VEGETARIAN INC.,4300 Baldwin Ave.,FOOD PRODUCTS-RETAIL & WHOLESALE,餐飲食品,626-448-5919
Los Angeles,亞美園,AMAY'S BAKERY & NOODLE CO. CO,837 Commercial St.,FOOD PRODUCTS-RETAIL & WHOLESALE,餐飲食品,213-626-2713
City of Industry,美國東錦國際企業有限公司,AMERICA TOHKIN ENTERPRISES INC,939 Radecki Ct.,FOOD PRODUCTS-RETAIL & WHOLESALE,餐飲食品,626-965-8322
Los Angeles,美美食品公司,AMERICAN FOOD CO.,4738 Valley Bl.,FOOD PRODUCTS-RETAIL & WHOLESALE,餐飲食品,323-223-7738
Commerce,美國食用油廠,AMERICAN VEGETABLE OILS INC.,7244 Condop St.,FOOD PRODUCTS-RETAIL & WHOLESALE,餐飲食品,323-722-4328
City of Industry,弘茂素食有限公司,AMIDA FOOD CORP.,17531 Railroad St. #L,FOOD PRODUCTS-RETAIL & WHOLESALE,餐飲食品,626-581-0889
City of Industry,天使糖果,ANGEL'S CANDIES INC,17861 Colima Rd,FOOD PRODUCTS-RETAIL & WHOLESALE,餐飲食品,626-429-8958
Los Angeles,安興公司,ANHING CORP.,418 North Ave. #19,FOOD PRODUCTS-RETAIL & WHOLESALE,餐飲食品,323-221-8003
El Monte,劉記燒餅,AUNTIE LIU'S KITCHEN,2724 Merced Ave.,FOOD PRODUCTS-RETAIL & WHOLESALE,餐飲食品,626-448-9168
Commerce,,BARRERAS MEAT CO.,6850 Washington Bl.,FOOD PRODUCTS-RETAIL & WHOLESALE,餐飲食品,323-838-7676
Los Angeles,頂好農產品批發公司,BEST BUY PRODUCE INT'L INC.,2929 E. 44th St.,FOOD PRODUCTS-RETAIL & WHOLESALE,餐飲食品,323-262-8888
City of Industry,新上海食品公司,BIG GREEN USA CORP.,1265 S. Johnson Dr.,FOOD PRODUCTS-RETAIL & WHOLESALE,餐飲食品,626-964-5178
Arcadia,大舞台食品,BIG STAGE INC.,5460 N. Peck Rd. #D,FOOD PRODUCTS-RETAIL & WHOLESALE,餐飲食品,888-880-1882
Arcadia,元亨素食食品批發公司,BIG VEGETARIAN SUPPLY INC.,54 E. Live Oak Ave,FOOD PRODUCTS-RETAIL & WHOLESALE,餐飲食品,626-336-8606626-968-9038
Arcadia,元亨素食食品批發公司,BIG VEGETARINA SUPPLY,54 E. Live Oak Ave,FOOD PRODUCTS-RETAIL & WHOLESALE,餐飲食品,626-991-5152
Rosemead,菩提素食,BODHI VEGETARIAN SUPPLY,8450 Valley Bl. #106,FOOD PRODUCTS-RETAIL & WHOLESALE,餐飲食品,626-280-7936
S. El Monte,美國磐林集團-田園食品公司,CAN MARKETING CORP.,2223 Seaman Ave.,FOOD PRODUCTS-RETAIL & WHOLESALE,餐飲食品,626-443-2335
Los Angeles,廣東食品公司,CANTON FOOD CO.,750 S. Alameda St.,FOOD PRODUCTS-RETAIL & WHOLESALE,餐飲食品,213-688-7707
Santa Fe Springs,京都食品,CAPITAL FOODS  INT'L USA INC,9310 Norwalk Bl.,FOOD PRODUCTS-RETAIL & WHOLESALE,餐飲食品,562-908-1125
Los Angeles,國泰公司,CATHAY L.A. INC.,1501 N. Main St.,FOOD PRODUCTS-RETAIL & WHOLESALE,餐飲食品,323-223-8268
Rowland Hts.,冠軍食品 - 羅蘭崗加盟店,CHAMPION FOOD,18414 Colima Rd. #Z,FOOD PRODUCTS-RETAIL & WHOLESALE,餐飲食品,626-965-1145
San Gabriel,冠軍食品 - 聖蓋博加盟店,CHAMPION FOOD,140 W. Valley Bl. #113,FOOD PRODUCTS-RETAIL & WHOLESALE,餐飲食品,626-571-8188
Irvine,冠軍食品- 爾灣加盟店,CHAMPION FOOD,14775 Jeffery Rd. #L,FOOD PRODUCTS-RETAIL & WHOLESALE,餐飲食品,949-857-6686
Fountain Valley,冠軍食品- 芳泉谷加盟店,CHAMPION FOOD,17090 Magnolia St.,FOOD PRODUCTS-RETAIL & WHOLESALE,餐飲食品,714-841-0398
Hacienda Hts.,冠軍食品旗艦店,CHAMPION GOURMEPT INC,1655 S. Azusa Ave. #F,FOOD PRODUCTS-RETAIL & WHOLESALE,餐飲食品,626-964-0345
San Gabriel,冠軍食品-總公司,CHAMPION GOURMEPT PRODUCTS,260 Clary Ave.,FOOD PRODUCTS-RETAIL & WHOLESALE,餐飲食品,626-285-9851
Rosemead,熱帶水果專賣店,CHI UT THAI CAY 2,8450 E. Valley Bl. #104,FOOD PRODUCTS-RETAIL & WHOLESALE,餐飲食品,626-840-1909
,新經濟有限公司-梅林牌,CHINA ECONOMY ONT'L CORP-MALIN,,FOOD PRODUCTS-RETAIL & WHOLESALE,餐飲食品,888-606-7782
City of Industry,中國食品公司,CHINA FOODS USA INC.,916 Agax Ave.,FOOD PRODUCTS-RETAIL & WHOLESALE,餐飲食品,626-810-3399
City of Industry,中國牛肉乾公司,CHINA MEAT PRODUCTS INC,14500 E. Valley Bl.,FOOD PRODUCTS-RETAIL & WHOLESALE,餐飲食品,626-968-6917
El Monte,三媛食品,CHO FUKU GROUP (USA) INC.,10651 Hickson St.,FOOD PRODUCTS-RETAIL & WHOLESALE,餐飲食品,626-575-8999
Walnut,長生食品工廠,CHUNG-SENG INC.,115 Commerce Way,FOOD PRODUCTS-RETAIL & WHOLESALE,餐飲食品,909-869-9255
Pico Rivera,德成食品批發公司,CJ UNITED FOOD CORP.,8600 Mercury Ln.,FOOD PRODUCTS-RETAIL & WHOLESALE,餐飲食品,562-949-9999
S. El Monte,基發食品批發公司,CPG FOODS LLC,2425 Rosemead Bl.,FOOD PRODUCTS-RETAIL & WHOLESALE,餐飲食品,626-350-5848
City of Industry,基發食品批發公司,CPG FOODS LLC,1115 John Reed Ct.,FOOD PRODUCTS-RETAIL & WHOLESALE,餐飲食品,626-453-3880
Santa Ana,三鐘食品公司,D & D GOLD PRODUCT CORP.,310 S. Canter St.,FOOD PRODUCTS-RETAIL & WHOLESALE,餐飲食品,714-550-0372
Alhambra,登高食品公司,D.K. BAKERY INC.,P.O. Box 6937,FOOD PRODUCTS-RETAIL & WHOLESALE,餐飲食品,626-284-8756
El Monte,大政素食公司,DA CHENG VEGETARIAN FOOD INC.,10423 Valley Bl. #N,FOOD PRODUCTS-RETAIL & WHOLESALE,餐飲食品,626-444-4980
Los Angeles,大昌貿易公司-嘉頓餅乾,DAI CHEONG TRADING CO. INC.,317 N. 19th Ave.,FOOD PRODUCTS-RETAIL & WHOLESALE,餐飲食品,323-225-1888
Westminster,東方豆腐,DANG VU INC.,15022 Moran St.,FOOD PRODUCTS-RETAIL & WHOLESALE,餐飲食品,714-893-2022
Santa Fe Springs,大利食品公司,DAY-LEE FOODS INC.,10350 Heritage Park Dr. #111,FOOD PRODUCTS-RETAIL & WHOLESALE,餐飲食品,562-903-3020
Westminster,文固三角州食品公司,DELTA FOOD CO.,14942 Moran St.,FOOD PRODUCTS-RETAIL & WHOLESALE,餐飲食品,714-898-7544
S. El Monte,安捷包裝機械公司,ENTRE PARK MACHINES MATERIALS CO.,2615 Loma Ave.,FOOD PROCESSING MACHINES,餐飲食品,626-378-8009
Brea,,HOSHIZAKI WESTERN INC.,790 Challenger St.,FOOD PROCESSING MACHINES,餐飲食品,714-671-1423
Commerce,,ICE MACHINE SALES & SERVICES,5250 E. Washington Bl.,FOOD PROCESSING MACHINES,餐飲食品,323-266-1024
S. El Monte,,LACAUSA INC.,2437 Lee Ave.,FOOD PROCESSING MACHINES,餐飲食品,626-579-3151
Los Angeles,食品加工機械材料總會,MEAT PACKERS & BUTCHERS SUPPLY CO.,2820 E. Washington Bl.,FOOD PROCESSING MACHINES,餐飲食品,323-268-8514
Anaheim,,NORM'S REFRIGERATION & ICE EQUIPMENT,1175 N. Knollwood Cir.,FOOD PROCESSING MACHINES,餐飲食品,714-236-3600
Los Angeles,豆腐、豆奶專用機械,PACIFIC INTE'L DISTRIBUTORS,3499 E. Pico Bl.,FOOD PROCESSING MACHINES,餐飲食品,323-780-8166
Long Beach,美國大同公司,TATUNG,2850 El Presidio St.,FOOD PROCESSING MACHINES,餐飲食品,800-829-2850
San Gabriel,聖蓋博希爾頓酒店,HILTON HOTEL,225 W. Valley Bl.,BANQUET SERVICES,餐飲食品,626-270-2700
Universal City,文華雅敘(環球影城希爾頓飯店),MANDARIN CLUB‧HILTON LOS ANGELES/UNIVERSAL CITY,555 Universal Hollywood Dr.,BANQUET SERVICES,餐飲食品,818-509-2088
Alhambra,雅曼舍宮宴會議事中心,ALMANSOR COURT INC.,700 S. Almansor St,BANQUET SERVICES,餐飲食品,626-570-4600
Los Angeles,美惠酒店,HISTORIC MAYFAIR HOTEL,1256 W. 7th St.,BANQUET SERVICES,餐飲食品,213-484-9789
Garden Grove,大酒店宴會,HOTEL BANQUET,9848 Garden Grove Bl.,BANQUET SERVICES,餐飲食品,800-530-5660
Monterey Park,,LUMINARIAS RESTAURANT,3500 W. Romona Bl.,BANQUET SERVICES,餐飲食品,323-268-4177
City of Industry,亞太棕櫚大酒店,PACIFIC PALMS CONFERENCE RESOR,1 Industry Hills Pkwy.,BANQUET SERVICES,餐飲食品,626-854-2509
Rancho Cucamonga,,REDHILL BARBEQUE,8111 Foothill Bl. #A,BANQUET SERVICES,餐飲食品,909-920-0558
Los Angeles,韓國酒吧,SKYHALL BANQUET & WEDDING,3680 Wilshire Bl. 5Fl.,BANQUET SERVICES,餐飲食品,213-387-7575
Long Beach,君皇宴會服務,THE GRAND LONG BEACH EVENT CENTER,4101 E. Willow St.,BANQUET SERVICES,餐飲食品,562-426-0555
Commerce,稚涵貿易公司(原惠芳貿易公司),Z. HAN INC.,5711 E. Olympic Bl.,FISH & SEAFOOD-RETAIL & WHOLESALE,餐飲食品,323-725-9000
San Gabriel,新龍魚翅海產(零售、批發),888 OCEAN,600 E. Valley Bl. #H,FISH & SEAFOOD-RETAIL & WHOLESALE,餐飲食品,626-572-3128
,阿一鮑魚,AH YAT AHALONE,,FISH & SEAFOOD-RETAIL & WHOLESALE,餐飲食品,323-979-8792
Los Angeles,,AMERICAN FISH & SEAFOOD CO.,625 Kohler St.,FISH & SEAFOOD-RETAIL & WHOLESALE,餐飲食品,213-612-0350
Bedford Canada,北極貝,CLEARWATER FINE FOODS INC.,757 Bedford Hwy.,FISH & SEAFOOD-RETAIL & WHOLESALE,餐飲食品,902-443-0550
Los Angeles,遠東海產公司,FAR EAST SEAFOOD CO.,711-1/4 New High St.,FISH & SEAFOOD-RETAIL & WHOLESALE,餐飲食品,213-617-3511
Los Angeles,遠東參茸海味貿易公司,FEC GINSENG & MARINE PRODUCTS,734 N. Broadway,FISH & SEAFOOD-RETAIL & WHOLESALE,餐飲食品,213-617-0020
Los Angeles,遠東參茸海味貿易公司,FEC GINSENG & MARINE PRODUCTS,1701 N. Spring St.,FISH & SEAFOOD-RETAIL & WHOLESALE,餐飲食品,323-223-0188
S. El Monte,隆珍海產公司,G & L SEAFOOD INC.,2400 Lee Ave.,FISH & SEAFOOD-RETAIL & WHOLESALE,餐飲食品,626-448-8288
S. El Monte,長城海鮮公司,GREAT WALL SEAFOOD INC.,11020 Weaver Ave.,FISH & SEAFOOD-RETAIL & WHOLESALE,餐飲食品,626-452-0908
Vernon,,H & N FOODS INT'L,5580 S. Alameda St.,FISH & SEAFOOD-RETAIL & WHOLESALE,餐飲食品,323-586-9388
Bell,H & T海鮮公司,H & T SEAFOOD INC,5598 Lindbergh Ln.,FISH & SEAFOOD-RETAIL & WHOLESALE,餐飲食品,323-526-0888
Monterey Park,興榮行參茸海味,HING WING HONG CO.,251 E. Garvey Ave. #A,FISH & SEAFOOD-RETAIL & WHOLESALE,餐飲食品,626-288-7877
Commerce,八達貿易行,HOCEAN INC.,2444  Saybrook Ave.,FISH & SEAFOOD-RETAIL & WHOLESALE,餐飲食品,323-838-1788
Los Angeles,海洋海產公司,HOI YEUNG SEAFOOD INC.,716 N. Broadway,FISH & SEAFOOD-RETAIL & WHOLESALE,餐飲食品,213-628-0021
Los Angeles,康寧魚翅公司,HONG NING CO.,827 N. Broadway,FISH & SEAFOOD-RETAIL & WHOLESALE,餐飲食品,213-622-9542
Rosemead,海龍魚翅參茸公司,JACK GINSENG & HERBS CO.,7960 E. Garvey Ave. #A,FISH & SEAFOOD-RETAIL & WHOLESALE,餐飲食品,626-288-7218
San Gabriel,海龍海產公司,JL TRADING CO. INC.,509 Agostino Rd.,FISH & SEAFOOD-RETAIL & WHOLESALE,餐飲食品,626-614-9529
S. El Monte,大洋爐頭廠,OCEAN COMMERCIAL SUPPLY,2535 Rosemead Bl.,RESTAURANT EQUIPMENT & SUPPLIES,餐飲食品,626-379-2866
City of Industry,L&L國際海鮮公司,L&L INT'L INC.,15402 E. Valley Bl.,FISH & SEAFOOD-RETAIL & WHOLESALE,餐飲食品,626-446-8366
Cerritos,美加食品貿易公司,L.A. LINK CORP.,13072 Moore St.,FISH & SEAFOOD-RETAIL & WHOLESALE,餐飲食品,562-802-0366
City of Industry,利達行,LINDEX INC.,127 S. 8th Ave. #A,FISH & SEAFOOD-RETAIL & WHOLESALE,餐飲食品,626-855-3476
Los Angeles,新鮮漁貨公司,LOS ANGELES FISH CO.,420 Stanford Ave.,FISH & SEAFOOD-RETAIL & WHOLESALE,餐飲食品,213-629-1213
Los Angeles,,MCCORMICK & SCHMICK'S SEAFOOD,633 W. 5th St.,FISH & SEAFOOD-RETAIL & WHOLESALE,餐飲食品,213-629-1929
Los Angeles,南華海產公司,NAM-HOA FISH MARKET,656 N. Broadway,FISH & SEAFOOD-RETAIL & WHOLESALE,餐飲食品,213-617-3400
Los Angeles,藍海海產公司,OCEAN BLUE PRODUCTS,668 S. Alameda St. #B,FISH & SEAFOOD-RETAIL & WHOLESALE,餐飲食品,213-688-0133
Rosemead,三興鮮魚店,OCEAN PLUS FISH MARKET,7960 Garvey Ave. #C,FISH & SEAFOOD-RETAIL & WHOLESALE,餐飲食品,626-307-1704
S. El Monte,歐氏海鮮肉類貿易批發,OS'CAR TRADING INC.,9846 E. Kale St.,FISH & SEAFOOD-RETAIL & WHOLESALE,餐飲食品,626-350-0800
Los Angeles,,PRO TOUCH FLOOR SYSTEM,1134 S. Hobart Bl.,FISH & SEAFOOD-RETAIL & WHOLESALE,餐飲食品,213-272-9910
Redondo Beach,優質海鮮零售市場,QUALITY SEAFOOD RETAIL MARKET,130 S. International Boardwalk,FISH & SEAFOOD-RETAIL & WHOLESALE,餐飲食品,310-372-6408
Baldwin Park,彩虹海鮮市場,RAINBOW SEAFOOD MARKET,4303 N. Maine Ave. #107,FISH & SEAFOOD-RETAIL & WHOLESALE,餐飲食品,626-962-6888
Long Beach,彩虹海鮮市場,RAINBOW SEAFOOD MARKET,1107 Long Beach Bl.,FISH & SEAFOOD-RETAIL & WHOLESALE,餐飲食品,562-590-7907
Los Angeles,海勝海產公司,SEA WIN CO. INC.,526 S. Stanford Ave.,FISH & SEAFOOD-RETAIL & WHOLESALE,餐飲食品,213-688-2899
Rosemead,西貢海鮮,SEAFOOD PARADISE,8955 E. Garvey Ave.,FISH & SEAFOOD-RETAIL & WHOLESALE,餐飲食品,626-288-2088
Alhambra,新同樂國際貿易集團,SUN TUNG LOK TRADING GROUP,1108 W. Valley Bl. #328,FISH & SEAFOOD-RETAIL & WHOLESALE,餐飲食品,626-318-0873
Garden Grove,大華食品公司,TAI WAH TRADING CORP.,13901 West St.,FISH & SEAFOOD-RETAIL & WHOLESALE,餐飲食品,714-554-3218
S. El Monte,第一爐頭廠,ABC RESTAURANT EQUIPMENT CO.,2025 N. Lee Ave.,RESTAURANT EQUIPMENT & SUPPLIES,餐飲食品,626-442-1821
S. El Monte,四季酒業公司,CNS ENTERPRISES INC.,2708 Chico Ave.,RESTAURANT EQUIPMENT & SUPPLIES,餐飲食品,888-239-1849 626-579-0586
Monterey Park,精美餐館設計工程公司,DESIGN FOR RESTAURANT PLUS INC,119 S. Atlantic Bl. #228,RESTAURANT EQUIPMENT & SUPPLIES,餐飲食品,626-570-9978
S. El Monte,新華爐頭廠,G&G RESTAURANT SUPPLIES INC.,2443 Seaman Ave.,RESTAURANT EQUIPMENT & SUPPLIES,餐飲食品,626-350-9382
Rosemead,供應餐飲用各類一次性製品,MT MARKETING,8666 Garvey Ave.,RESTAURANT EQUIPMENT & SUPPLIES,餐飲食品,626-350-5623
S. El Monte,巨騰爐頭廠,WESTAR METAL FABRICATION INC.,1926 Potrero Ave.,RESTAURANT EQUIPMENT & SUPPLIES,餐飲食品,626-350-0718 888-722-2226
Los Angeles,1+1 家品城,1+1 HOME MARK,812 N. Broadway #129B,RESTAURANT EQUIPMENT & SUPPLIES,餐飲食品,626-203-9519
Cerritos,A.C. 餐館用品供應商,A.C. SUPPLY INC.,16711 Parkside Ave.,RESTAURANT EQUIPMENT & SUPPLIES,餐飲食品,562-802-3455
S. El Monte,大成爐頭廠,AAA RESTAURANT EQUIPMENT INC.,1549 Santa Anita Ave.,RESTAURANT EQUIPMENT & SUPPLIES,餐飲食品,626-442-5212
Buena Park,,ACE FIXTURE CO.,7101 Lincoln Ave.,RESTAURANT EQUIPMENT & SUPPLIES,餐飲食品,714-226-9800
Monterey Park,大成餐具公司,ACTION SALES INC.,415 S. Atlantic Bl.,RESTAURANT EQUIPMENT & SUPPLIES,餐飲食品,626-308-1988
City of Industry,大成餐具公司,ACTION SALES INC.,17025 Gale Ave.,RESTAURANT EQUIPMENT & SUPPLIES,餐飲食品,626-810-2277
S. El Monte,美洲冷凍庫工廠,AIRCOOLER CORP.,1719 Floradale Ave.,RESTAURANT EQUIPMENT & SUPPLIES,餐飲食品,626-454-3389
Alhambra,阿市餐館設備工程配件,ALHAMBRA COMMERCIAL SUPPLY,1031 Westminster Ave,RESTAURANT EQUIPMENT & SUPPLIES,餐飲食品,626-282-1966
S. El Monte,美國永堅企業,ALLSTRONG RESTAURANT EQUIPMENT INC.,1839 Durfee Ave.,RESTAURANT EQUIPMENT & SUPPLIES,餐飲食品,626-448-7878
Pacoima,,AMERICAN RANGE CORP.,13592 Desmond St.,RESTAURANT EQUIPMENT & SUPPLIES,餐飲食品,818-897-0808
Arcadia,,AMERICAN SELECT FOODS INC.,11940 Goldring Rd. #E,RESTAURANT EQUIPMENT & SUPPLIES,餐飲食品,626-359-2220
Vernon,,TRUE WORLD FOODS,4200 S. Alameda St.,FISH & SEAFOOD-RETAIL & WHOLESALE,餐飲食品,323-846-3300
Los Angeles,萬好海產公司,UNIFIED SEAFOOD CO.,556 Towne Ave.,FISH & SEAFOOD-RETAIL & WHOLESALE,餐飲食品,213-623-7670
El Monte,華鴻食品貿易公司,WAH HUNG CO. INC.,3788 Rockwell Ave.,FISH & SEAFOOD-RETAIL & WHOLESALE,餐飲食品,626-575-8838
Los Angeles,餐館桌椅設備,AMKO RESTAURANT FURNITURE INC,5833  Avalon Bl.,RESTAURANT EQUIPMENT & SUPPLIES,餐飲食品,323-234-0388
Montclair,愛樂餐館器材,ARROW RESTAURANT EQUIPMENT,5061 Arrow Hwy.,RESTAURANT EQUIPMENT & SUPPLIES,餐飲食品,909-621-7428
Westminster,台豐餐具,BESTWARE RESTAURANT SUPPLIES INC.,10161 Bolsa Ave. #103C,RESTAURANT EQUIPMENT & SUPPLIES,餐飲食品,714-775-8082
S. El Monte,潮安進出口有限公司,CHAO-AN IMPORT & EXPORT INC.,9855 Max Shapiro Way,RESTAURANT EQUIPMENT & SUPPLIES,餐飲食品,626-575-8910
Los Angeles,查理餐具公司,CHARLIE'S FIXTURES INC.,2251 Venice Bl.,RESTAURANT EQUIPMENT & SUPPLIES,餐飲食品,323-731-9023
Gardena,,CHEFSMART RESTAURANT EQUIPMENT & SUPPLIES,1355 W. 190th St.,RESTAURANT EQUIPMENT & SUPPLIES,餐飲食品,310-630-1688
Los Angeles,南盛爐頭廠,CHINA  PACIFIC CO. INC.,1777 N. Main St.,RESTAURANT EQUIPMENT & SUPPLIES,餐飲食品,323-222-9580
Los Angeles,崔炳瑄餐館設備供應公司,CHOI'S FIXTURE CO.,2501 W. Washington Bl.,RESTAURANT EQUIPMENT & SUPPLIES,餐飲食品,323-732-5957
Gardena,協和餐廚設備供應工程公司,CONCORD EQUIPMENT CO.,323 W. Alondra Bl.,RESTAURANT EQUIPMENT & SUPPLIES,餐飲食品,310-719-1231
Anaheim,協和餐廚設備供應工程公司,CONCORD EQUIPMENT CO.,1163 N. Kraemer Bl.,RESTAURANT EQUIPMENT & SUPPLIES,餐飲食品,714-688-0220
Los Angeles,(日本料理店中餐用具供應商),EDEN MARKETING,6621 Wilson Ave.,RESTAURANT EQUIPMENT & SUPPLIES,餐飲食品,323-582-5858
Los Angeles,,EDEN RESTAURANT SUPPLY CO.,568 S. Alameda St.,RESTAURANT EQUIPMENT & SUPPLIES,餐飲食品,213-620-1400
S. El Monte,嘉彰不鏽鋼公司,EMERDEX STAINLESS STEEL INC.,9732 Rush St.,RESTAURANT EQUIPMENT & SUPPLIES,餐飲食品,626-279-5022
City of Industry,優雅桌椅,EUKYA FURNITURE,233 S. 7th Ave.,RESTAURANT EQUIPMENT & SUPPLIES,餐飲食品,626-934-9448
Walnut,惠樂明餐桌椅公司,FEROMIN INT'L CORP.,4010 W. Valley Bl. #109,RESTAURANT EQUIPMENT & SUPPLIES,餐飲食品,909-595-2000
Los Angeles,羅雀爐頭廠,GENERAL RESTAURANT EQUIPMENT CO,1740 Albion St.,RESTAURANT EQUIPMENT & SUPPLIES,餐飲食品,323-225-1522
Ontario,佰利餐具公司,H & B SALES INC.,1850 S. Milliken Ave.,RESTAURANT EQUIPMENT & SUPPLIES,餐飲食品,909-635-0888
San Gabriel,佰利餐具公司,H & B SALES INC.,1731 S. San Gabriel Bl.,RESTAURANT EQUIPMENT & SUPPLIES,餐飲食品,626-280-3618
Monterey Park,餐椅沙發訂做翻新,HO C.H. UPHOLSTERY,750 E. Garvey Ave. #E,RESTAURANT EQUIPMENT & SUPPLIES,餐飲食品,626-572-8368
Vernon,,JETRO RESTAURANT DEPOT,2300 E. 57th St.,RESTAURANT EQUIPMENT & SUPPLIES,餐飲食品,323-583-0800
Alhambra,精工餐館設備公司,JK RESTAURANT EQUIPMENT INC.,3060 W. Valley Bl.,RESTAURANT EQUIPMENT & SUPPLIES,餐飲食品,626-282-3928
S. El Monte,永昌餐桌椅批發總匯,JOBOLYN TABLE BASE CO.,1711 & 1703 Potrero Ave.,RESTAURANT EQUIPMENT & SUPPLIES,餐飲食品,626-444-4443
Garden Grove,橙縣二手商用冰箱中心,JOHN'S USED COMMERCIAL REFRIGE,7291 Garden Grove Bl. #B,RESTAURANT EQUIPMENT & SUPPLIES,餐飲食品,714-423-4488
Ontario,高林股份有限公司,K & L INT'L CORP.,1929 S. Campus Ave.,RESTAURANT EQUIPMENT & SUPPLIES,餐飲食品,909-923-9258
Los Angeles,K.C. 餐館用品批發公司,K.C. SALES  & CO.,1526 Glendale Bl.,RESTAURANT EQUIPMENT & SUPPLIES,餐飲食品,213-250-2854
S. El Monte,德基裝修設計木器公司,KCK DECORATION INC.,12343 Rush St.,RESTAURANT EQUIPMENT & SUPPLIES,餐飲食品,626-350-9182
Chino,歐博士電腦餐飲業管理系統,LA P.O.S. GROUP INC.,15298 El Prado Rd.,RESTAURANT EQUIPMENT & SUPPLIES,餐飲食品,909-287-0969
El Monte,金寶貿易公司,MAS JAYA INC.,4463 Rowland Ave.,RESTAURANT EQUIPMENT & SUPPLIES,餐飲食品,626-452-1881
S. El Monte,第一餐館設計工程,MASTER ENTERPRISES INC.,2025 N. Lee Ave.,RESTAURANT EQUIPMENT & SUPPLIES,餐飲食品,626-442-1917
Temple City,名佳餐桌椅工廠,MINGJA INC.,9438 Gidley St.,RESTAURANT EQUIPMENT & SUPPLIES,餐飲食品,626-442-5672
San Gabriel,新亞餐具公司,NEW ASIA INC.,1830 S. San Gabriel Blvd.,RESTAURANT EQUIPMENT & SUPPLIES,餐飲食品,626-307-0788
Santa Ana,橙縣餐館廚具修造廠,ORANGE RESTAURANT EQUIPMENT MFG.,2226 W. 2nd St. #A-B,RESTAURANT EQUIPMENT & SUPPLIES,餐飲食品,714-542-3221
El Monte,永利雞鴨市場,WING LEE FRESH POULTRYINC.,3015 Central Ave.,POULTRY MARKETS & WHOLESALE,餐飲食品,626-279-6633
La Puente,永利雞鴨市場,WING LEE POLLOS MAS FRESCOS,1043 N. Hacienda Bl.,POULTRY MARKETS & WHOLESALE,餐飲食品,626-968-8182
Sylmar,頂好雞鴨海鮮舖,BEST LIVE POULTRY & FISH,12253 Foothill Bl.,POULTRY MARKETS & WHOLESALE,餐飲食品,818-686-8834
Azusa,華美雞場,CAL FRESH VIKON,P.O. Box 1216,POULTRY MARKETS & WHOLESALE,餐飲食品,626-815-9793
Rosemead,華美雞場,CAL POULTRY VIKON,8932 E. Garvey Ave.,POULTRY MARKETS & WHOLESALE,餐飲食品,626-288-3512
Fountain Valley,永力雞鴨欄,CHINA POULTRY,16281 Harbor Bl.,POULTRY MARKETS & WHOLESALE,餐飲食品,714-839-2328
Los Angeles,結成市場,G.W. MARKET,672 N. Spring St.,POULTRY MARKETS & WHOLESALE,餐飲食品,213-624-0277
Pico Rivera,,LONGO FOOD,5201 Industry Ave.,POULTRY MARKETS & WHOLESALE,餐飲食品,562-942-7499
Los Angeles,永安雞鴨欄,MAJESTIC POULTRY,450 N. Ford Bl.,POULTRY MARKETS & WHOLESALE,餐飲食品,323-261-4313
Los Angeles,新發源雞鴨批發,MAO FOODS INC.,1839 E. 42nd St.,POULTRY MARKETS & WHOLESALE,餐飲食品,323-234-9998
Los Angeles,北京雞鴨鮮魚欄,PEKING POULITRY,717 N. Broadway,POULTRY MARKETS & WHOLESALE,餐飲食品,213-680-2588
Los Angeles,成利雞鴨舖,SHANG LEE POULTRY,711 N. Spring St.,POULTRY MARKETS & WHOLESALE,餐飲食品,213-617-2635
Los Angeles,永安雞鴨欄,SUPERIOR POULTRY,750 N. Broadway,POULTRY MARKETS & WHOLESALE,餐飲食品,213-628-7645
El Monte,永安雞鴨市場,SUPERIOR POULTRY MARKET & DELI,10116 E.Garvey Ave.,POULTRY MARKETS & WHOLESALE,餐飲食品,626-582-8399
San Diego,WING LEE 雞鴨欄(批發),WING LEE POULTRY (WHOLESALE),4310 Euclid Ave.#G,POULTRY MARKETS & WHOLESALE,餐飲食品,909-342-7233
S. El Monte,安泰麵廠,AN TAI CHINESE NOODLE CO.,2446 Lee Ave.,NOODLES,餐飲食品,626-575-1908
Los Angeles,全記製麵公司,CHEUN KEE NOODLE CO.,5146 W. Valley Bl.,NOODLES,餐飲食品,323-225-1822
Commerce,馮家莊麵廠,FUNG'S VILLAGE FOOD CO.,5339 E. Washington Bl.,NOODLES,餐飲食品,323-881-1600
Vernon,南加製麵會社,NANKA SEIMEN CO.,3030 Leonis Bl.,NOODLES,餐飲食品,323-585-9967
El Monte,均益麵廠,QUON YICK NOODLE CO. INC.,9668 Telstar Ave.,NOODLES,餐飲食品,626-968-6980
El Monte,華豐麵廠,WAH FUNG NOODLES INC.,4443 Rowland Ave.,NOODLES,餐飲食品,626-442-0588
Los Angeles,永興製麵廠,WING HING NOODLE CO.,1659 E. 23rd St.,NOODLES,餐飲食品,323-232-8899
S. El Monte,雲天麵廠,YUEN TEN NOODLE CORP.,2446 Seaman Ave.,NOODLES,餐飲食品,626-350-8982
San Gabriel,乾杯鋼琴酒吧餐廳,CHEERS BAR & GRILL,717 S. San Gabriel Bl,RESTAURANTS-CHINESE FOOD,餐飲食品,626-309-9729
Monterey Park,深井海鮮燒臘美食坊,SHAM TSENG BBQ SHOP,634 W. Garvey Ave.,RESTAURANTS-CHINESE FOOD,餐飲食品,626-289-4858
Alhambra,深井海鮮燒臘美食坊,SHAM TSENG BBQ SHOP,203 W. Valley Blvd.,RESTAURANTS-CHINESE FOOD,餐飲食品,626-570-9851 626-570-9678
San Gabriel,小美(海派)快餐冰果,SHAU MAY RESTAURANT,830 E. Valley Bl.,RESTAURANTS-CHINESE FOOD,餐飲食品,626-569-9600
Artesia,西門町,YUMMY BOBA,18349 Pioneer Bl.,RESTAURANTS-CHINESE FOOD,餐飲食品,562-809-2213
El Monte,上海竹之味,BAMBOO WOK,9550 Flair Dr. #115,RESTAURANTS-CHINESE FOOD,餐飲食品,626-443-6428 626-279-6699
El Monte,金元寶,CHOPSTICKS KITCHEN.DUMPLING HOUSE,10053 Valley Bl. #2,RESTAURANTS-CHINESE FOOD,餐飲食品,626-350-0188
Monterey Park,鹿鼎記,DUCKS HOUSE,501 S. Atlantic Bl.,RESTAURANTS-CHINESE FOOD,餐飲食品,626-284-3227
Hacienda Hts.,大肚魚餐廳,GUPPY TEAHOUSE INC.,17188 Colima Rd.,RESTAURANTS-CHINESE FOOD,餐飲食品,626-965-7288
Cerritos,大肚魚餐廳,GUPPY TEAHOUSE INC.,11803 E. South St.,RESTAURANTS-CHINESE FOOD,餐飲食品,562-865-7288
Anaheim,大肚魚餐廳,GUPPY TEAHOUSE INC.,5642 E. La Palma Ave. #108,RESTAURANTS-CHINESE FOOD,餐飲食品,714-695-1958
Irvine,大肚魚餐廳,GUPPY TEAHOUSE INC.,2730 Alton Parkway. #101,RESTAURANTS-CHINESE FOOD,餐飲食品,949-851-9788
Arcadia,宮保屋,KUNG PAO HOUSE,1220 S. Golden West Ave. #G,RESTAURANTS-CHINESE FOOD,餐飲食品,626-446-1538
Huntington Beach,清真館,LOTUS CHINESE EATERY,16883 Beach Bl.,RESTAURANTS-CHINESE FOOD,餐飲食品,714-848-4940
City of Industry,米雪兒餡餅,MICHELLE'S PANCAKE INC.,18558 E. Gale Ave. #270,RESTAURANTS-CHINESE FOOD,餐飲食品,626-965-5555
San Gabriel,米雪兒餡餅,MICHELLE'S PANCAKE INC.,706 W. Las tunas Dr. #B3-B4,RESTAURANTS-CHINESE FOOD,餐飲食品,626-293-8098
Westminster,海景閣,SEA FOOD COVE #2 CHINESE RESTAURANT,9211 Bolsa Ave. #106,RESTAURANTS-CHINESE FOOD,餐飲食品,714-893-1976
San Gabriel,沸騰魚鄉/草原小肥羊,TANYUTOU RESTAURANT,529 E. Valley Bl. #168,RESTAURANTS-CHINESE FOOD,餐飲食品,626-280-8909
Rowland Hts.,清真館,V.I.P. CHINESE RESTAURANT,18331 E. Colima Rd.,RESTAURANTS-CHINESE FOOD,餐飲食品,626-810-2499
San Gabriel,上海王家沙,WANG JIA RESTAURANT,156 S. San Gabriel Bl.,RESTAURANTS-CHINESE FOOD,餐飲食品,626-291-2233
San Gabriel,永和豆漿餐廳總店,YUNG HO TOU CHIANG YUNG HO CITY RESTAURANT,1045 E. Valley Bl. #A105,RESTAURANTS-CHINESE FOOD,餐飲食品,626-280-9317
Hacienda Hts.,雲南過橋園,YUNJUI GARDEN INC.,1229 S. Hacienda Bl.,RESTAURANTS-CHINESE FOOD,餐飲食品,626-330-8145
W. Covina,蜀鄉,,979 S. Glendora Ave.,RESTAURANTS-CHINESE FOOD,餐飲食品,626-480-7130
Rowland Hts,正宗新疆維吾爾美食,,18920 Gale Ave.,RESTAURANTS-CHINESE FOOD,餐飲食品,626-999-6165
Lawndale,第一 BUFFET,#1 BUFFET,14418 Hawthorne Bl.,RESTAURANTS-CHINESE FOOD,餐飲食品,310-644-4007
Diamond Bar,好年冬,101 CAFE,2763 S. Diamond Bar Bl.,RESTAURANTS-CHINESE FOOD,餐飲食品,909-595-9100
San Gabriel,101臭臭鍋,101 HOT POT CAFE,140 W. Valley Bl. #108,RESTAURANTS-CHINESE FOOD,餐飲食品,626-288-7088
Arcadia,魯味居,101 NOODLE EXPRESS,1025 S. Baldwin Ave.,RESTAURANTS-CHINESE FOOD,餐飲食品,626-446-8855
Alhambra,魯味居,101 NOODLE EXPRESS,1408 Valley Bl.,RESTAURANTS-CHINESE FOOD,餐飲食品,626-300-8654
Irvine,魯味居,101NOODLE EXPRESS,5408 Walnut Ave. #A,RESTAURANTS-CHINESE FOOD,餐飲食品,949-654-8542
Alhambra,石舞貓,15 CATS CAFE,640 W. Valley Bl. #A,RESTAURANTS-CHINESE FOOD,餐飲食品,626-293-8999
Hacienda Hts.,PHO利利越式餐館,2011 Noodle House & Quickly,15848 Haliburton Rd.,RESTAURANTS-CHINESE FOOD,餐飲食品,626-937-6555
Anaheim,三六九上海小館,369 SHANGHAI RESTAURANT,613 N. Euclid St.,RESTAURANTS-CHINESE FOOD,餐飲食品,714-635-8369
Rowland Hts,五波比,5 BOBEE,1756 S. Nogales St,RESTAURANTS-CHINESE FOOD,餐飲食品,626-810-6999
San Gabriel,818燒烤,818 B.B.Q.,818 E. Valley Bl.,RESTAURANTS-CHINESE FOOD,餐飲食品,626-307-5128
Rosemead,海珍大酒樓,888 SEAFOOD RESTAURANT,8450 Valley Bl. #121,RESTAURANTS-CHINESE FOOD,餐飲食品,626-573-1888
Alhambra,嘴香園,A & E RESTAURANT,1269 E. Valley Bl.,RESTAURANTS-CHINESE FOOD,餐飲食品,626-284-3549
Diamond Bar,半畝園,A & J RESTAURANT,2769 S. Diamond Bar Bl.,RESTAURANTS-CHINESE FOOD,餐飲食品,909-594-3549
Irvine,半畝園,A & J RESTAURANT,14805 Jeffrey Rd. #D,RESTAURANTS-CHINESE FOOD,餐飲食品,949-786-3585
Arcadia,半畝園,A & J RESTAURANT,27 Las Tunas Dr.,RESTAURANTS-CHINESE FOOD,餐飲食品,626-445-7270
Rosemead,熱點火鍋,A & T HOT POINT,8508 E. Valley Bl. #C102,RESTAURANTS-CHINESE FOOD,餐飲食品,626-381-8816
Northridge,海港海鮮園,A & W SEAFOOD RESTAURANT,9306 Reseda Bl.,RESTAURANTS-CHINESE FOOD,餐飲食品,818-882-6668
Granada Hills,海港海鮮園,A & W SEAFOOD RESTAURANT,16906 San Fernando Mission Bl.,RESTAURANTS-CHINESE FOOD,餐飲食品,818-368-9757
Reseda,海港海鮮園,A & W SEAFOOD RESTAURANT,7213 Reseda Bl.,RESTAURANTS-CHINESE FOOD,餐飲食品,818-342-0990
Temple City,金豐園,A GOLDEN HOUSE SHANGHAI CUISINE,9608 Las Tunas Dr.,RESTAURANTS-CHINESE FOOD,餐飲食品,626-286-5288
Lomita,一品香燒臘,A1 CHINESE B.B.Q.,2014 Pacific Coast Hwy.,RESTAURANTS-CHINESE FOOD,餐飲食品,310-325-6709
Montebello,良記小廚,A-1 RESTAURANT,2809 Via Campo #C-D,RESTAURANTS-CHINESE FOOD,餐飲食品,323-888-1700
Los Angeles,永發燒臘餐廳,AAA B.B.Q. DIMSUM CHINESE RESTAURANT,711-1/2 New High St.,RESTAURANTS-CHINESE FOOD,餐飲食品,213-687-7333
Los Angeles,海運海鮮酒家,ABC SEAFOOD RESTAURANT,205 Ord St.,RESTAURANTS-CHINESE FOOD,餐飲食品,213-680-2887
Alhambra,牛肉麵大王,ACC CHINESE FAST FOOD,38 S. Palm Ave.,RESTAURANTS-CHINESE FOOD,餐飲食品,626-281-8577
S. El Monte,四季酒業公司,CNS ENTERPRISES INC.,2708 Chico Ave.,WINE & TOBACCO AGENCIES,餐飲食品,888-239-1849 626-579-0586
S. El Monte,世華國際酒品公司,SSC INT'L INC.,10730  Weaver Ave.,WINE & TOBACCO AGENCIES,餐飲食品,626-401-2158
Los Angeles,,BIG TREE WINE INC.,6415 S. Compton Ave.,WINE & TOBACCO AGENCIES,餐飲食品,323-582-7103
Arcadia,雪茄專賣店,CIGAR PALACE,153 E. Foothill Bl.,WINE & TOBACCO AGENCIES,餐飲食品,626-359-8582
Montebello,J & K煙草屋,J & K CIGARETTE CENTER,2567 W. Via Campo,WINE & TOBACCO AGENCIES,餐飲食品,323-887-8289
Los Angeles,洛杉磯國際貿易公司(香煙),LOH SUN INT'L INC.,1709 N. Spring St.,WINE & TOBACCO AGENCIES,餐飲食品,323-223-1308
Los Angeles,聖安東尼奧酒廠,SAN ANTONIO WINERY,737 Lamar St.,WINE & TOBACCO AGENCIES,餐飲食品,323-223-1401
Ontario,聖安東尼奧酒廠,SAN ANTONIO WINERY,2802 S. Milliken Ave.,WINE & TOBACCO AGENCIES,餐飲食品,909-947-3995
Rosemead,香煙,TABACCO & GIFT,9220 Valley Bl.,WINE & TOBACCO AGENCIES,餐飲食品,626-572-9161
San Gabriel,香煙作坊,TOBACCO HEAVEN,301 W. Valley Bl.#208,WINE & TOBACCO AGENCIES,餐飲食品,626-289-2689
Temple City,,WHALEY'S LIQUOR,9624 E. Las Tunas Dr.,WINE & TOBACCO AGENCIES,餐飲食品,626-286-3012
Alhambra,白山香煙店,WHITER MUONTAIN,1703 W. Valley Bl.,WINE & TOBACCO AGENCIES,餐飲食品,626-282-3508
Temple City,,CLOVER LEAF COFFEE & BAKERY,9475 E. Las Tunas Dr.,COFFEE HOUSE,餐飲食品,626-285-0100
Monrovia,,COFFEE BEAN & TEA LEAF,704 E. Huntington Dr. #243,COFFEE HOUSE,餐飲食品,626-357-1404
Monrovia,,COFFEE BEAN & TEA LEAF,102 S. Myrtle Ave.,COFFEE HOUSE,餐飲食品,626-301-0317
S. Pasadena,,COFFEE BEAN & TEA LEAF,700 S. Fair Oaks Ave. #A,COFFEE HOUSE,餐飲食品,626-403-2141
Laguna Hills,,COFFEE BEAN & TEA LEAF,24155 Laguna Hills Mall #1635,COFFEE HOUSE,餐飲食品,949-583-9216
Los Angeles,,COFFEE TREE,1513 S. Victoria Ave.,COFFEE HOUSE,餐飲食品,213-272-7502
Fullerton,伊甸園咖啡,EDEN CAFE,124 W. Wilshire Ave. #A1,COFFEE HOUSE,餐飲食品,714-738-7338
Rowland Hts.,愛琳咖啡屋,ELIM BAKERY,18732 Colima Rd.,COFFEE HOUSE,餐飲食品,626-964-2029
San Gabriel,第一咖啡,FRESH ROAST,308 S. San Gabriel Bl.,COFFEE HOUSE,餐飲食品,626-451-5918
Los Angeles,富然咖啡室,PHU CAFE,211 Alpine St. #7A,COFFEE HOUSE,餐飲食品,213-624-6267
San Gabriel,啡我莫屬,PIECE OF CAKE CAFE,709 W. Las Tunas Dr.,COFFEE HOUSE,餐飲食品,626-282-8289
Arcadia,烘焙者咖啡,ROASTER FAMILY COFFEE,713 W. Duarte Rd. #F,COFFEE HOUSE,餐飲食品,626-447-2538
Santa Monica,,URTH CAFFE,2327 Main St.,COFFEE HOUSE,餐飲食品,310-314-7040
Los Angeles,,URTH CAFFE,451 S. Hewitt St.,COFFEE HOUSE,餐飲食品,213-797-4534
W. Hollywood,,URTH CAFFE,8565 Melrose Ave.,COFFEE HOUSE,餐飲食品,310-659-0628
Beverly Hills,,URTH CAFFE,267 S. Beverly Dr.,COFFEE HOUSE,餐飲食品,310-205-9311
Orange,大雅波斯美食,DARYA RESTAURANT,1998 N. Tustin St.,RESTAURANTS-MIDDLE EAST,餐飲食品,714-921-2773
Los Angeles,,JOE'S FALAFEL,3535 Cahuenga Bl.#105,RESTAURANTS-MIDDLE EAST,餐飲食品,323-512-4447
Orange,,KAFFA,424 S. Main St.,RESTAURANTS-MIDDLE EAST,餐飲食品,714-978-1992
Monrovia,,SAM'S DELI RESTAURANT,608-610 S. Mrytle Ave.,RESTAURANTS-MIDDLE EAST,餐飲食品,626-357-0512
Los Angeles,,TA-EEM GRILL,7422 Melrose Ave,RESTAURANTS-MIDDLE EAST,餐飲食品,323-944-0013
Alhambra,中東餐廳,WAHIVS MIDDLE EAST RESTAURANT,910 E. Main St.,RESTAURANTS-MIDDLE EAST,餐飲食品,626-281-1006
San Gabriel,中國王大廚,CHINA CHEF WANG RESTAURANT,9066 Southview Rd.,PARTY CATERING,餐飲食品,818-766-9999
Garden Grove,恩典外燴,GRACEN CATERING,9848 Garden Grove Bl.,PARTY CATERING,餐飲食品,800-711-0776
Los Angeles,,CONTEMPORARY CATERING,2018 Westwood Bl.,PARTY CATERING,餐飲食品,310-558-8190
Garden Grove,豪華飯店婚宴外燴,DRAGON CATERING,9848 Garden Grove Bl.#66,PARTY CATERING,餐飲食品,714-530-7878
Garden Grove,龍宮外燴,DRAGON CATERING,9848 Garden Grove Bl.,PARTY CATERING,餐飲食品,800-530-5660
Chatsworth,,HAMBURGER PATTY'S,10220 Topanga Canyon Bl.,PARTY CATERING,餐飲食品,818-857-2119
W. Covina,,KUSINA NI LOLA FILIPINO FAST FOOD & CATERING,1559 E. Amar Rd. #C,PARTY CATERING,餐飲食品,626-839-9815
Hacienda Hts.,呂師傅外燴,LOUIS VEGETARIAN PARTY CATERING,1826 Blazing Star Dr.,PARTY CATERING,餐飲食品,626-991-5152
Los Angeles,,MILLENNIUM BILTMORE HOTEL,506 S. Grand Ave.,PARTY CATERING,餐飲食品,213-624-1011
N. Hollywood,,TRULY YOURS CATERING,10940 Burbank Bl.,PARTY CATERING,餐飲食品,818-824-6098
Newport Beach,,CALIFORNIA PIZZA KITCHEN,1151 Newport Center Dr.,RESTAURANTS-PIZZA,餐飲食品,949-759-5543
Los Angeles,,CALIFORNIA PIZZA KITCHEN,330 S. Hope St.,RESTAURANTS-PIZZA,餐飲食品,213-626-2616
Los Angeles,,CALIFORNIA PIZZA KITCHEN,735 S. Figueroa St. #305,RESTAURANTS-PIZZA,餐飲食品,213-228-8500
Arcadia,,CALIFORNIA PIZZA KITCHEN,400 S. Baldwin Ave. #115,RESTAURANTS-PIZZA,餐飲食品,626-445-2610
Glendale,,CALIFORNIA PIZZA KITCHEN,101 N. Brand Bl.,RESTAURANTS-PIZZA,餐飲食品,818-507-1558
Burbank,,CALIFORNIA PIZZA KITCHEN,601 N. San Fernando Bl.,RESTAURANTS-PIZZA,餐飲食品,818-972-2589
Los Angeles,,CALIFORNIA PIZZA KITCHEN,121 N. La Cienega Bl.,RESTAURANTS-PIZZA,餐飲食品,310-854-6555
Culver City,,CALIFORNIA PIZZA KITCHEN,10704 Venice Bl.,RESTAURANTS-PIZZA,餐飲食品,310-287-2727
Santa Monica,,CALIFORNIA PIZZA KITCHEN,210 Wilshire Bl.,RESTAURANTS-PIZZA,餐飲食品,310-393-9335
Anaheim,,CALIFORNIA PIZZA KITCHEN,321 W. Katella Ave.,RESTAURANTS-PIZZA,餐飲食品,714-991-0305
Redondo Beach,,CALIFORNIA PIZZA KITCHEN,1815 Hawthorne Bl.,RESTAURANTS-PIZZA,餐飲食品,310-370-9931
Torrance,,CALIFORNIA PIZZA KITCHEN,25306 Crenshaw Bl.,RESTAURANTS-PIZZA,餐飲食品,310-539-5410
Encino,,CALIFORNIA PIZZA KITCHEN,16101 Ventura Bl.,RESTAURANTS-PIZZA,餐飲食品,818-907-7783
Long Beach,,CALIFORNIA PIZZA KITCHEN,6417 E. Pacific Coast Hwy. #A-1,RESTAURANTS-PIZZA,餐飲食品,562-596-2775
Beverly Hills,,CALIFORNIA PIZZA KITCHEN,207 S. Beverly Dr.,RESTAURANTS-PIZZA,餐飲食品,310-275-1101
Santa Ana,,CALIFORNIA PIZZA KITCHEN,2800 N. Main St. #872,RESTAURANTS-PIZZA,餐飲食品,714-479-0604
Tustin,,CALIFORNIA PIZZA KITCHEN,3001 El Camino Real,RESTAURANTS-PIZZA,餐飲食品,714-838-5083
Chino Hills,,CALIFORNIA PIZZA KITCHEN,3505 Grand Ave.,RESTAURANTS-PIZZA,餐飲食品,909-590-3090
Irvine,,CALIFORNIA PIZZA KITCHEN,55 Fortune Dr. #600,RESTAURANTS-PIZZA,餐飲食品,949-585-9531
Irvine,,CALIFORNIA PIZZA KITCHEN,2957 Michelson Dr.,RESTAURANTS-PIZZA,餐飲食品,949-975-1585
W. Covina,,CALIFORNIA PIZZA KITCHEN,110 S. California Ave.,RESTAURANTS-PIZZA,餐飲食品,626-814-4400
Montebello,,DOMINO'S PIZZA,803 W. Whittier Bl.,RESTAURANTS-PIZZA,餐飲食品,323-262-3030
Monterey Park,,DOMINO'S PIZZA,829 S. Atlantic Bl.,RESTAURANTS-PIZZA,餐飲食品,626-576-2000
Pico Rivera,,DOMINO'S PIZZA,9448 E. Slauson Ave.,RESTAURANTS-PIZZA,餐飲食品,562-222-2207
Pasadena,,DOMINO'S PIZZA,633 S. Arroyo Pkwy.,RESTAURANTS-PIZZA,餐飲食品,626-584-1976
Pasadena,,DOMINO'S PIZZA,2057 N. Los Robles Ave.,RESTAURANTS-PIZZA,餐飲食品,626-791-9285
Pasadena,,DOMINO'S PIZZA,1802 E. Washington Bl.,RESTAURANTS-PIZZA,餐飲食品,626-794-3030
Temple City,,DOMINO'S PIZZA,9443 Las Tunas Dr.,RESTAURANTS-PIZZA,餐飲食品,626-285-0033
Los Angeles,,DOMINO'S PIZZA,5624 York Bl.,RESTAURANTS-PIZZA,餐飲食品,323-255-5999
Los Angeles,,DOMINO'S PIZZA,520 West Ave. 26 #B,RESTAURANTS-PIZZA,餐飲食品,323-225-1080
Rosemead,,DOMINO'S PIZZA,8350 Garvey Ave. #B,RESTAURANTS-PIZZA,餐飲食品,626-288-3030
Whittier,,DOMINO'S PIZZA,13205 Whittier Bl. #A,RESTAURANTS-PIZZA,餐飲食品,562-945-7691
Pico Rivera,,DOMINO'S PIZZA,4500 Rosemead Bl. #B,RESTAURANTS-PIZZA,餐飲食品,562-692-9591
Whittier,,DOMINO'S PIZZA,10807 Beverly Bl. #C,RESTAURANTS-PIZZA,餐飲食品,562-695-2600
S. El Monte,,DOMINO'S PIZZA,1937 Tyler Ave.,RESTAURANTS-PIZZA,餐飲食品,626-579-3030
Pasadena,,DOMINO'S PIZZA,2363 E. Colorado Bl.,RESTAURANTS-PIZZA,餐飲食品,626-584-0866
San Gabriel,,DOMINO'S PIZZA,1001 E. Las Tunas Dr.,RESTAURANTS-PIZZA,餐飲食品,626-287-0901
Alhambra,,DOMINO'S PIZZA,703 S. Atlantic Bl.,RESTAURANTS-PIZZA,餐飲食品,626-289-5694
Hacienda Hts.,,DOMINO'S PIZZA,15908 E. Halliburton Rd.,RESTAURANTS-PIZZA,餐飲食品,626-369-0999
Los Angeles,,DOMINO'S PIZZA,4815 Valley Bl. #H,RESTAURANTS-PIZZA,餐飲食品,323-222-7722
Los Angeles,,DOMINO'S PIZZA,1311 Glendale Bl. #G,RESTAURANTS-PIZZA,餐飲食品,213-413-8444
Los Angeles,,DOMINO'S PIZZA,1759 Colorado Bl.,RESTAURANTS-PIZZA,餐飲食品,323-256-5991
Los Angeles,,DOMINO'S PIZZA,3502 W. Sunset Bl.,RESTAURANTS-PIZZA,餐飲食品,323-667-2323
Monrovia,,DOMINO'S PIZZA,348 W. Huntington Dr.,RESTAURANTS-PIZZA,餐飲食品,626-303-2655
San Gabriel,,GINO'S PRIMO PIZZA,717 W. Las Tunas Dr.,RESTAURANTS-PIZZA,餐飲食品,626-576-5945
Alhambra,,LITTLE CAESARS PIZZA,715 E. Main St.,RESTAURANTS-PIZZA,餐飲食品,626-284-0441
Upland,,PAPA JOHNS PIZZA,1242 W. Foothill Bl.,RESTAURANTS-PIZZA,餐飲食品,909-981-8009
San Gabriel,,PAPA JOHNS PIZZA,301 W. Las Tunas Dr.,RESTAURANTS-PIZZA,餐飲食品,626-457-8989
Arcadia,,PAPA JOHNS PIZZA,1312 S. Baldwin Ave.,RESTAURANTS-PIZZA,餐飲食品,626-445-6262
S. Pasadena,,PAPA JOHNS PIZZA,800 Fair Oaks Ave.,RESTAURANTS-PIZZA,餐飲食品,626-441-8484
San Gabriel,小美(海派)快餐冰果,SHAU MAY RESTAURANT,830 E. Valley Bl.,ICE CREAM PARLORS & BEVERAGES,餐飲食品,626-569-9600
El Monte,冰淇淋批發專賣店,B & B ICE CREAM WHOLESALE,9928 Lower Azusa Rd.,ICE CREAM PARLORS & BEVERAGES,餐飲食品,626-443-5042
Arcadia,冰冰蒟蒻,BIN BIN KONJAC,651 W. Duarte Rd. #E,ICE CREAM PARLORS & BEVERAGES,餐飲食品,626-574-7318
Carson,,BLENDRES,278 E. Sepulveda Bl.,ICE CREAM PARLORS & BEVERAGES,餐飲食品,310-834-9593
Alhambra,藍櫻桃酸奶坊,BLUE CHERRY YOGURT BAR,137 W. Main St.,ICE CREAM PARLORS & BEVERAGES,餐飲食品,626-281-8568
San Gabriel,多多杯,BOBA CORNER,1635 S. San Gabriel Bl.,ICE CREAM PARLORS & BEVERAGES,餐飲食品,626-280-8191
Temple City,波霸休閑站,BOBA EXPRESS,9653 Las Tunas Dr.,ICE CREAM PARLORS & BEVERAGES,餐飲食品,626-287-3067
Torrance,,BOBA TEA HOUSE,24202 Crenshaw Bl.,ICE CREAM PARLORS & BEVERAGES,餐飲食品,310-326-1868
Northridge,,BOBA TEA HOUSE,18110 Nordhoff St. #F,ICE CREAM PARLORS & BEVERAGES,餐飲食品,818-717-0797
Northridge,,BOUNCE BAY,18429 Nord Hoff St.,ICE CREAM PARLORS & BEVERAGES,餐飲食品,818-576-9310
Temple City,,C CUP,9566 Las Tunas Dr.,ICE CREAM PARLORS & BEVERAGES,餐飲食品,626-285-9928
Alhambra,,COFFTEA,406 E. Valley Bl,ICE CREAM PARLORS & BEVERAGES,餐飲食品,626-281-6877
San Marino,,COPY CAP,2506 Huntington Dr.,ICE CREAM PARLORS & BEVERAGES,餐飲食品,626-286-8520
Covina,科威娜風味素食冰店,COVINA TASTY FREEZ,1063 N. Citrus Ave.,ICE CREAM PARLORS & BEVERAGES,餐飲食品,626-332-8816
Alhambra,最佳雪糕,FOSSELMAN'S ICE CREAM,1824 W. Main St.,ICE CREAM PARLORS & BEVERAGES,餐飲食品,626-282-6533
Arcadia,HONEY 波霸,HONEY BOBA,1 W. Duarte Rd. #A,ICE CREAM PARLORS & BEVERAGES,餐飲食品,626-446-9788
City of Industry,北京酸奶,JING YOGURT,128 S. 6th Ave,ICE CREAM PARLORS & BEVERAGES,餐飲食品,855-580-6789 626-369-6060
San Gabriel,,JJ TEA HOUSE,417 S. San Gabriel Bl.#C,ICE CREAM PARLORS & BEVERAGES,餐飲食品,626-286-2863
Cerritos,吉米屋,JP BAKERY CAFE,11446 South St.,ICE CREAM PARLORS & BEVERAGES,餐飲食品,562-865-8383
Artesia,樂立杯,LOLLICUP,17901 Pioneer Bl. #B,ICE CREAM PARLORS & BEVERAGES,餐飲食品,562-865-8338
El Monte,樂立杯,LOLLICUP TEA ZONE,10512 Lower Azusa Rd.,ICE CREAM PARLORS & BEVERAGES,餐飲食品,626-443-6218
Los Angeles,樂立杯,LOLLICUP TEA ZONE,988 N. Hills St. #119,ICE CREAM PARLORS & BEVERAGES,餐飲食品,213-687-8283
Diamond Bar,樂立杯,LOLLICUP TEA ZONE,1122 S. Diamond Bar Bl.,ICE CREAM PARLORS & BEVERAGES,餐飲食品,909-860-0666
Walnut,樂立杯,LOLLICUP TEA ZONE,1223 N. Grand Ave.,ICE CREAM PARLORS & BEVERAGES,餐飲食品,909-895-4419
Arcadia,樂立杯,LOLLICUP TEA ZONE,643 W. Duarte Rd.,ICE CREAM PARLORS & BEVERAGES,餐飲食品,626-254-0800
Alhambra,樂立杯,LOLLICUP TEA ZONE,228 W. Valley Bl. #106A,ICE CREAM PARLORS & BEVERAGES,餐飲食品,626-308-1880
Temple City,樂立杯,LOLLICUP TEA ZONE,9644 Las Tunas Dr.,ICE CREAM PARLORS & BEVERAGES,餐飲食品,626-309-9574
Rowland Hts.,樂立杯,LOLLICUP TEA ZONE,18414 E. Colima Rd. #M- N,ICE CREAM PARLORS & BEVERAGES,餐飲食品,626-913-8992
Ontario,樂立杯,LOLLICUP TEA ZONE,4323 E. Mills Cir. #104,ICE CREAM PARLORS & BEVERAGES,餐飲食品,909-476-1001
Pomona,樂立杯,LOLLICUP TEA ZONE,961 E. Mission Bl.,ICE CREAM PARLORS & BEVERAGES,餐飲食品,909-622-8186
Orange,樂立杯,LOLLICUP TEA ZONE,3533 E. Chapman Ave. #K,ICE CREAM PARLORS & BEVERAGES,餐飲食品,714-289-9800
Irvine,樂立杯,LOLLICUP TEA ZONE,14805 Jeffrey Rd. #A,ICE CREAM PARLORS & BEVERAGES,餐飲食品,949-559-9436
Westminster,樂立杯,LOLLICUP TEA ZONE,9550 Bolsa Ave. #108,ICE CREAM PARLORS & BEVERAGES,餐飲食品,714-531-8832
Rowland Hts.,樂立杯,LOLLICUP TEA ZONE,1015 S. Nogales St. #119B,ICE CREAM PARLORS & BEVERAGES,餐飲食品,626-965-9699
Pasadena,樂立杯,LOLLICUP TEA ZONE,1491 E.Colorado Bl.,ICE CREAM PARLORS & BEVERAGES,餐飲食品,626-666-6909
Arcadia,樂立杯,LOLLICUP USA INC.,400 S. Baldwin Ave. #9047,ICE CREAM PARLORS & BEVERAGES,餐飲食品,626-254-0503
Chino Hills,樂立杯,LOLLICUP USA INC.,14230 Chino Hills Pkwy. #A,ICE CREAM PARLORS & BEVERAGES,餐飲食品,909-627-8928
City of Industry,樂立杯,LOLLICUP USA INC.,1100 Coiner Ct.,ICE CREAM PARLORS & BEVERAGES,餐飲食品,800-857-1988
Rowland Hts.,鍋鍋癮,MJ CAFE,18455 Colima Rd.,ICE CREAM PARLORS & BEVERAGES,餐飲食品,626-581-2034
San Gabriel,,NUBI YOGURT - SAN GABRIEL,140 W. Valley Bl. #118G,ICE CREAM PARLORS & BEVERAGES,餐飲食品,626-573-9988
Artesia,,QUEST CAFÉ,11976 Artesia Bl.,ICE CREAM PARLORS & BEVERAGES,餐飲食品,562-246-0217
Alhambra,快可立,QUICKLY,618 W. Main St. #B,ICE CREAM PARLORS & BEVERAGES,餐飲食品,626-289-8030
Monterey Park,快可立,QUICKLY,2095 S. Atlantic Bl. #H,ICE CREAM PARLORS & BEVERAGES,餐飲食品,323-266-3161
Rosemead,快可立,QUICKLY,7637 Garvey Ave.,ICE CREAM PARLORS & BEVERAGES,餐飲食品,626-280-3718
San Gabriel,快可立,QUICKLY,119 S. San Gabriel Bl.,ICE CREAM PARLORS & BEVERAGES,餐飲食品,626-285-9351
Fullerton,快可立,QUICKLY,2510 E. Chapman Ave.,ICE CREAM PARLORS & BEVERAGES,餐飲食品,714-870-6544
Rowland Hts.,快可立,QUICKLY,18353 Colima Rd,ICE CREAM PARLORS & BEVERAGES,餐飲食品,626-964-5089
San Gabriel,快可立,QUICKLY,529 E. Valley Bl. #108B,ICE CREAM PARLORS & BEVERAGES,餐飲食品,626-312-9581
Monterey Park,快可立,QUICKLY,119 N. Lincoln Ave.,ICE CREAM PARLORS & BEVERAGES,餐飲食品,626-280-8288
Hacienda Hts.,快可立,QUICKLY,15848 Halliburton Rd.,ICE CREAM PARLORS & BEVERAGES,餐飲食品,626-937-6552
Pasadena,AKBAR 印度餐廳,AKBAR CUISINE OF INDIA,44 N. Fair Oaks Ave.,RESTAURANTS-INDIAN,餐飲食品,626-577-9916
Marina Del Rey,AKBAR印度餐廳,AKBAR CUISINE OF INDIA,3115 Washingtan Bl.,RESTAURANTS-INDIAN,餐飲食品,310-574-0666
Hermosa Beach,AKBAR印度餐廳,AKBAR CUISINE OF INDIA,1101 Aviation Bl.,RESTAURANTS-INDIAN,餐飲食品,310-937-3800
Santa Monica,AKBAR印度餐廳,AKBAR CUISINE OF INDIA,2627 Wilshire Bl.,RESTAURANTS-INDIAN,餐飲食品,310-586-7469
Los Angeles,,ANARKALI INDIAN RESTAURANT,7013 Melrose Ave.,RESTAURANTS-INDIAN,餐飲食品,323-934-6488
Torrance,,ANGARA INDIAN RESTAURANT,2170 Torrance Bl.,RESTAURANTS-INDIAN,餐飲食品,310-320-9090
Diamond Bar,鑽石印度餐館,DIAMOND PALACE CUISINE OF INDIA,1241 S. Grand Ave. #L,RESTAURANTS-INDIAN,餐飲食品,909-860-2625
San Gabriel,日式印度料理西餐,DUCKS RESTAURANT,1381 E. Las Tunas Dr.,RESTAURANTS-INDIAN,餐飲食品,626-287-8743
Artesia,HAVELI INDIA CUISINE,HAVELI INDIA CUISINE,17221 Pioneer Bl,RESTAURANTS-INDIAN,餐飲食品,562-860-4608
Alhambra,印度餐廳,MAHAN INDIAN RESTAURANT,110 W. Main St.,RESTAURANTS-INDIAN,餐飲食品,626-458-6299
Tustin,,MASALA BOWL,14311 Newport Ave. #A,RESTAURANTS-INDIAN,餐飲食品,714-832-4113
Chatsworth,,MOTHER INDIA,10110 Topanga Canyon Bl.,RESTAURANTS-INDIAN,餐飲食品,818-407-8898
Pasadena,新德里宮印度料理,NEW DELHI PALACE CUSINE OF INDIA,950 E. Colorado Bl. #205,RESTAURANTS-INDIAN,餐飲食品,626-405-0666
Fountain Valley,,PUNJAB CUISINE OF INDIA,18687 Brookhurst St.,RESTAURANTS-INDIAN,餐飲食品,714-963-6777
Gardena,,AKANE CHAYA,1610 W. Redondo Beach Bl. #5,RESTAURANTS-ITALIAN,餐飲食品,310-768-3939
El Cajon,,ARRIVIDERCI ITALIAN RESTAURANT,2963 Jamacha Rd.#A,RESTAURANTS-ITALIAN,餐飲食品,619-660-8200
Cerritos,義大利餐廳,ARTE CAFÉ,12741 Towne Center Dr. #B,RESTAURANTS-ITALIAN,餐飲食品,562-865-2783
San Gabriel,,BELLA ITALIAN RESTAURANT,7232 N. Rosemead Bl.,RESTAURANTS-ITALIAN,餐飲食品,626-287-5674
Monrovia,,BELLA SERA,422 S. Myrtle Ave.,RESTAURANTS-ITALIAN,餐飲食品,626-359-1399
Pasadena,,BUCA DI BEDDO,80 W. Green St.,RESTAURANTS-ITALIAN,餐飲食品,626-792-7272
Los Angeles,威尼斯料理,CA'BREA RESTAURANT,346 S.  La Brea Ave.,RESTAURANTS-ITALIAN,餐飲食品,323-938-2863
Bellflower,義大利餐廳,CAFE CAMELLIA,16916 Bellflower Bl.,RESTAURANTS-ITALIAN,餐飲食品,562-866-2824
Arcadia,,CARMINER'S ITALIAN RESTAURANT & BAR,311 E. Live Oak Ave.,RESTAURANTS-ITALIAN,餐飲食品,626-445-4726
S. Pasadena,,CARMINER'S ITALIAN RESTAURANT & BAR,424 Fair Oaks Ave.,RESTAURANTS-ITALIAN,餐飲食品,626-799-2266
Los Angeles,,CHARLIE'S TRIO CAFE,5769 N. Huntington Dr.,RESTAURANTS-ITALIAN,餐飲食品,323-223-3871
Alhambra,,CHARLIE'S TRIO CAFE,47 W. Main St.,RESTAURANTS-ITALIAN,餐飲食品,626-284-4943
Rosemead,帝飛雅義大利餐廳,DI PILLA'S ITALIAN RESTAURANT,9013 Valley Bl.,RESTAURANTS-ITALIAN,餐飲食品,626-286-0275
Arcadia,,DOMENICO'S ITALIAN RESTAURANT,215 N. Santa Anita Ave.,RESTAURANTS-ITALIAN,餐飲食品,626-574-7433
Glendale,,FAR NIENTE RESTAURANT,204-1/2 N. Brand Bl.,RESTAURANTS-ITALIAN,餐飲食品,818-242-3835
Pasadena,,GALE'S RESTAURANT,452 S. Fair Oaks Ave.,RESTAURANTS-ITALIAN,餐飲食品,626-432-6705
Manhattan Beach,,IL FORNAIN,1800 Rosecrans Ave.,RESTAURANTS-ITALIAN,餐飲食品,310-725-9555
Los Angeles,瑪蒂蓮娜義大利餐廳,MADDALENA RESTAURANT HOURS,737 Lamar St.,RESTAURANTS-ITALIAN,餐飲食品,323-223-1401
Woodland Hills,,MAGGIANO'S LITTLE ITALY,6100 Topanga Canyon Bl.,RESTAURANTS-ITALIAN,餐飲食品,818-887-3777
Los Angeles,,MAGGIANO'S LITTLE ITALY,189 The Grove Dr. #Z80,RESTAURANTS-ITALIAN,餐飲食品,323-965-9665
Glendale,,MARIO'S ITALIAN DELI & MARKET,740 E. Broadway,RESTAURANTS-ITALIAN,餐飲食品,818-242-4114
Pasadena,,MI PIACE PASADENA,25 E. Colorado Bl.,RESTAURANTS-ITALIAN,餐飲食品,626-795-3131
City of Industry,義麵屋,PASTA JOE'S,18222 E. Gale Ave.#A,RESTAURANTS-ITALIAN,餐飲食品,626-965-5566
Pasadena,,CHEVAL BLANC,41 S. De Lacey Ave,RESTAURANTS-FRENCH,餐飲食品,626-577-4141
Manhattan Beach,,CREME DE LA CREPE,1140 Highland Ave,RESTAURANTS-FRENCH,餐飲食品,310-546-9900
Redondo Beach,,CREME DE LA CREPE,1708-1/2 S. Catalina Ave.,RESTAURANTS-FRENCH,餐飲食品,310-540-8811
Pasadena,,CREME DE LA CREPE,36 W. Colorado Bl.,RESTAURANTS-FRENCH,餐飲食品,626-844-0007
Long Beach,,CREME DE LA CREPE,400 E. 1st St,RESTAURANTS-FRENCH,餐飲食品,562-437-2222
Hermosa Beach,,CREME DE LA CREPE,424 Pier Ave,RESTAURANTS-FRENCH,餐飲食品,310-937-2822
Culver City,,CREME DE LA CREPE,6000 Sepulveda Bl.#1305,RESTAURANTS-FRENCH,餐飲食品,310-391-8818
Pasadena,,EURO PANE,950 E. Colorado Bl,RESTAURANTS-FRENCH,餐飲食品,626-577-1828
Rosemead,LA VIE 法國菜,LA VIE FRENCH RESTAURANT,2547 San Gabriel Bl.,RESTAURANTS-FRENCH,餐飲食品,626-571-1180
Monrovia,異國風情美食料理,RESTAURANT DEVON,109 E. Lemon Ave.,RESTAURANTS-FRENCH,餐飲食品,626-305-0013
Arcadia,精緻滋味,SESAME GRILL,308 E. Huntington Dr.,RESTAURANTS-FRENCH,餐飲食品,626-821-0880626-574-0854
Tustin,,THE WINERY RESTAURANT & WINE BAR,2647 Park Ave.,RESTAURANTS-FRENCH,餐飲食品,714-258-7600
Buena Park,菲律賓餐廳,PHILIPPINE RESTAURANT,7635 Knott Ave.,RESTAURANTS-PHILIPPINE,餐飲食品,714-739-2888
San Gabriel,馬德望海鮮酒家,BATTAMBANG SEAFOOD RESTAURANT,1806 S. San Gabriel Bl.,RESTAURANTS-CAMBODIA,餐飲食品,626-307-3938
Los Angeles,馬德望餐館,NEW BATTAMBANG RESTAURANT,648 New High St.,RESTAURANTS-CAMBODIA,餐飲食品,213-620-9015
Los Angeles,新高棉餐室,NEW KAMARA CHINESE CAMBODIAN RESTAURANT,709 N. Hill St. #14,RESTAURANTS-CAMBODIA,餐飲食品,213-620-1090
Baldwin Park,好生意茶館,ABC TEA HOUSE,14520 Arrow Hwy.,TEA SHOPS,餐飲食品,626-813-1333
Claremont,茶竹居,BAMBOO TEA HOUSE,221 Yale Ave.,TEA SHOPS,餐飲食品,909-626-7668
Westminster,達信蔘茸茗茶公司,DAT SHUN GINSENG & TEA CO.,9211 Bolsa Ave. #118,TEA SHOPS,餐飲食品,714-892-9333
Monterey Park,保健茶行,HERBAL AIDE,236 S. Garfield Ave.,TEA SHOPS,餐飲食品,626-571-1738
Chino,美國百年茶公司,HERBAL STAR LLC,4554 Hastings Ct.,TEA SHOPS,餐飲食品,626-300-0149
Rosemead,有閒,LA ARBRE TEA HOUSE,8508 E. Valley Bl. #C101,TEA SHOPS,餐飲食品,626-307-8818
Pasadena,,LEA FOREVER,260 E. Colorado Bl. #223A,TEA SHOPS,餐飲食品,626-538-5218
Azusa,百福台灣茗茶公司,LINBOS CORP.,730 N. Todd Ave.,TEA SHOPS,餐飲食品,626-387-6027
S. El Monte,現代食品公司(高山茶),MODERN FOODS INC. - COSAN TEA,9838 Joe Vargas Way #H,TEA SHOPS,餐飲食品,626-454-2668
Pomona,一品屋茶具,PRESENT NATURAL HOUSE & CO.,1654 W. Orange Grove Ave.,TEA SHOPS,餐飲食品,909-868-1999
Fountain Valley,天立茗茶,TEN LI TEA &  CO.,17086 Magnolia St.,TEA SHOPS,餐飲食品,714-842-9859
Los Angeles,天仁茗茶,TEN REN TEA CO. LTD.,726 N. Hill St. #136,TEA SHOPS,餐飲食品,213-626-8844
Anaheim,天仁茗茶,TEN REN TEA CO. LTD.,665-B N. Euclid St.,TEA SHOPS,餐飲食品,714-635-6665
City of Industry,天仁茗茶,TEN REN TEA CO. LTD.,1330 S. Fullerton Rd. #102,TEA SHOPS,餐飲食品,626-581-7700
Arcadia,天仁茗茶,TEN REN TEA CO. LTD.,846 W. Duarte Rd.,TEA SHOPS,餐飲食品,626-821-0250
Monterey Park,天仁茗茶,TEN REN TEA CO. LTD.,111 W. Garvey Ave.,TEA SHOPS,餐飲食品,626-288-2012
San Gabriel,天仁茗茶,TEN REN TEA CO. LTD.,154 W. Valley Bl.,TEA SHOPS,餐飲食品,626-288-1663
Rowland Hts.,天仁茗茶,TEN REN TEA CO. LTD.,18423 E. Colima Rd.,TEA SHOPS,餐飲食品,626-854-6045
Walnut,輕鬆小站,TENREN'S TEA TIME,515 Grand Ave. #F,TEA SHOPS,餐飲食品,909-839-2665
S. El Monte,安可李氏美國花旗嵾茶,UNCLE LEE'S TEA INC.,11020 E. Ruth St.,TEA SHOPS,餐飲食品,626-350-3309
Alhambra,華泰茗茶,VALLEY TEA & COFFEE,1101 W. Valley Bl. #103,TEA SHOPS,餐飲食品,626-281-5799
Tustin,,BELACAN GRILL MALAYSIAN BISTRO,17460 E. 17th St.,RESTAURANTS-MALAYSIAN,餐飲食品,714-505-9908
El Monte,馬來西亞餐廳,LITTLE MALAYSIA RESTAURANT,3944 N. Peck Rd. #A,RESTAURANTS-MALAYSIAN,餐飲食品,626-401-3188
W. Covina,馬來檳城,PENANG MALAYSIAN CUISINE,971 S. Glendora Ave.,RESTAURANTS-MALAYSIAN,餐飲食品,626-338-6138
Los Angeles,,SINGAPORE'S BANANA LEAF,6333 W. 3rd St.#122,RESTAURANTS-MALAYSIAN,餐飲食品,323-933-4627
Alhambra,馬來西亞餐廳,YAZMIN MALAYSIAN RESTAURANT,27 E. Main St.,RESTAURANTS-MALAYSIAN,餐飲食品,626-308-2036
City of Industry,,AMOR INDIO MEXICAN RESTAURANT,15200 E. Valley Bl.,RESTAURANTS-MEXICAN,餐飲食品,626-330-8119
El Monte,,ANNIA'S KITCHEN,4233 N. Santa Anita Ave.,RESTAURANTS-MEXICAN,餐飲食品,626-401-2422
Arcadia,,CABRERA'S MEXICAN CUISINE,625 E. Live Oka Ave.,RESTAURANTS-MEXICAN,餐飲食品,626-445-5327
Duarte,,CABRERA'S MEXICAN CUISINE,1856 E. Huntington Dr.,RESTAURANTS-MEXICAN,餐飲食品,626-359-3614
Pasadena,,CABRERA'S MEXICAN CUISINE,655 N. Lake Ave.,RESTAURANTS-MEXICAN,餐飲食品,626-795-0230
Pico Rivera,,CASA GAMINO,9060 E. Slauson Ave.,RESTAURANTS-MEXICAN,餐飲食品,562-949-4144
Montebello,墨西哥式情調餐廳,LA COSTA RESTAURANT,854 N. Garfield Ave.,RESTAURANTS-MEXICAN,餐飲食品,323-728-7492
Garden Grove,,LA LANGGOSTA,13571 Habor Bl.,RESTAURANTS-MEXICAN,餐飲食品,714-537-8608
Covina,,LOS FAROLES MEXICAN GRILL,1118 W. San Bernardino Rd.,RESTAURANTS-MEXICAN,餐飲食品,626-966-8868
Monterey Park,,LUMIN ARIAS RESTAURANT,3500 Ramona Bl.,RESTAURANTS-MEXICAN,餐飲食品,323-268-4363
El Monte,,PEPE'S MEXICAN & SEAFOOD RESTAURANT,11740 E. Valley Bl.,RESTAURANTS-MEXICAN,餐飲食品,626-401-1599
Temple City,香蕉葉,BANANA LEAF,5835 Temple City Bl,RESTAURANTS-INDONESIAN,餐飲食品,626-309-0209
W. Covina,印尼麵食,JANTY NOODLE,989 S. Glendora Ave. #14,RESTAURANTS-INDONESIAN,餐飲食品,626-480-1808
Rowland Hts.,,JAVA SPICE EXOTIC INDONESIAN CUISINE,1743 Fullerton Rd.,RESTAURANTS-INDONESIAN,餐飲食品,626-810-1366
W. Covina,,KEDAI,989 S. Glendora Ave. #18,RESTAURANTS-INDONESIAN,餐飲食品,626-337-1111
Los Angeles,印尼美食,RAMAYANI INDONESIA BISTRO,1777 Westwood Bl.,RESTAURANTS-INDONESIAN,餐飲食品,310-477-3315
Los Angeles,,SIMPANG ASIA,10433 National Bl.#213,RESTAURANTS-INDONESIAN,餐飲食品,310-815-9075
San Gabriel,大華超級市場聖蓋博分店麵包部,99 RANCH MARKET S.G. BRANCH BAKERY,140 W. Valley Bl.,BAKERS-RETAIL,餐飲食品,626-307-8899
Arcadia,戚楓烘焙本家,CHIFFON DE PASTRY ART,1010 Baldwin Ave. #C,BAKERS-RETAIL,餐飲食品,626-254-9249
Hacienda Hts.,R.J. 法式蛋糕,R.J. PATISSERIE INC.,1635 S. Azusa Ave.,BAKERS-RETAIL,餐飲食品,626-810-6678
San Gabriel,點一點糕點創作坊,,709 W. Las Tunas Dr,BAKERS-RETAIL,餐飲食品,323-265-2738
W. Covina,RED RIBBON BAKESHOP,,1525 E. Amar Rd.#A.,BAKERS-RETAIL,餐飲食品,626-964-9940
San Gabriel,SAIGON'S BAKERY & SANDWICHES,,718 E. Valley Bl.,BAKERS-RETAIL,餐飲食品,626-288-6475
City of Industry,一福堂,1 FU TANG BAKERY,17861-A Colima Rd.,BAKERS-RETAIL,餐飲食品,626-581-0888
San Gabriel,一福堂總店,1 FU TANG BAKERY,1611 S. San Gabriel Bl.,BAKERS-RETAIL,餐飲食品,626-288-8007
Alhambra,,101 BAKERY & CAFE,301 W.Main St.,BAKERS-RETAIL,餐飲食品,626-300-0034
Rosemead,心意屋,AMOR BAKERY INC.,8829 E. Valley Bl.,BAKERS-RETAIL,餐飲食品,626-285-9655
Los Angeles,星星蛋糕,AMY'S BAKERY,633 W. Cesar Chavez Ave. #6,BAKERS-RETAIL,餐飲食品,213-680-7855
Westminster,新樂餅家,AN LAC BAKERY,9347 Bolsa Ave.,BAKERS-RETAIL,餐飲食品,714-373-0338
El Monte,晶華餅家,ANGEL BAKERY,3944 N. Peck Rd. #9,BAKERS-RETAIL,餐飲食品,626-350-5339
Brea,,B.C. PRODUCTS,592 S. Brea Bl.,BAKERS-RETAIL,餐飲食品,909-920-5805
S. El Monte,城都麵包爐,BAGUETTE,9505 E. Garvey Ave. #A,BAKERS-RETAIL,餐飲食品,626-350-7099
Artesia,烘焙屋,BAKE ARE WE,11624-1/2 South St.,BAKERS-RETAIL,餐飲食品,562-653-9398
Alhambra,巴黎凍肉麵包,BALE FRENCH SANDWICH & BAKERY,1426 S. Atlantic Bl.,BAKERS-RETAIL,餐飲食品,626-308-3003
Alhambra,美荻法國麵包,BANH MI MY  THO FRANCH SANDWICH,304 W. Valley Bl.,BAKERS-RETAIL,餐飲食品,626-289-4160
Santa Monica,,BAY CITIES ITALIAN DELI & BAKERY,1517 Lincoln Bl.,BAKERS-RETAIL,餐飲食品,310-395-8279
Garden Grove,法國麵包店,BOULANGERIE PIERRE & PATISSERIE,14352 Brookhurst St.,BAKERS-RETAIL,餐飲食品,714-418-9098
Los Angeles,,BUU DIEN FRANCH SANDWICHES,642 N. Broadway #5,BAKERS-RETAIL,餐飲食品,213-617-8355
Irvine,85度C 台灣第一咖啡蛋糕烘焙品牌,CAFE 85 C,2700 Alton Pkwy. #123,BAKERS-RETAIL,餐飲食品,949-553-8585
Hacienda Hts,85度C 台灣第一咖啡蛋糕烘焙品牌,CAFE 85 C,17170 Colima Rd.#A,BAKERS-RETAIL,餐飲食品,626-839-7885
Costa Mesa,,CAFE BLANC,298 E. 17th St. #B,BAKERS-RETAIL,餐飲食品,949-631-9999
Gardena,,CAKE 99,1610 W. Redondo Beach Bl. #11,BAKERS-RETAIL,餐飲食品,310-323-1988
San Dimas,非常歐洲蛋糕點心,CAKES UNLIMITED,1021 W. Arrow Hwy.,BAKERS-RETAIL,餐飲食品,909-394-1757
Temple City,香夫人-天普市店,CATHY'S BAKERY,5833 Temple City Blvd.,BAKERS-RETAIL,餐飲食品,626-286-7789
San Gabriel,香夫人-聖市店,CATHY'S BAKERY,227 W. Valley Bl. #128A,BAKERS-RETAIL,餐飲食品,626-293-1033
Arcadia,香夫人-亞市店,CATHY'S BAKERY,651 W. Duarte Rd. #A,BAKERS-RETAIL,餐飲食品,626-821-8655
San Gabriel,香夫人-聖市總店,CATHY'S BAKERY,708 E. Las Tunas Dr.,BAKERS-RETAIL,餐飲食品,626-451-0101
Westminster,香檳餅家,CHAMPAGNE BAKERY,9200 Bolsa Ave. #116,BAKERS-RETAIL,餐飲食品,714-898-0484
Diamond Bar,鑽石恩典坊,CHAMPS ELYSEES BAKERY,1200 S. Diamond Bar Bl. #102,BAKERS-RETAIL,餐飲食品,909-861-7456
Los Angeles,新中國城餅家,CHINATOWN BAKERY & DELI INC.,809 N. Hill St. #A,BAKERS-RETAIL,餐飲食品,213-680-3888
Los Angeles,可可餅店,CO CO BAKERY,645 N. Spring St.,BAKERS-RETAIL,餐飲食品,213-625-0388
Bell,群鳳餅家,CONPHUNG BAKERY,6367 Atlantic Ave.,BAKERS-RETAIL,餐飲食品,323-773-3888
San Gabriel,天使烘焙坊,D'ANGE BAKERY,800 W. Las Tunas Dr.#100,BAKERS-RETAIL,餐飲食品,626-282-0808
Arcadia,雙喜蛋糕,DE CROUPET'S CAKES,23 E. Huntington Dr.,BAKERS-RETAIL,餐飲食品,626-446-6903
S. El Monte,鑽石餅家-總店,DIAMOND BAKERY,1940 Frank Stiles St.,BAKERS-RETAIL,餐飲食品,626-452-8020
Artesia,鑽石餅家-喜瑞都市分店,DIAMOND BAKERY,17801 Pioneer Bl. #D,BAKERS-RETAIL,餐飲食品,562-402-6728
Rowland Hts.,鑽石餅家-羅蘭崗分店(1),DIAMOND BAKERY,1015 S. Nogales St.,BAKERS-RETAIL,餐飲食品,626-912-3708
Monterey Park,鑽石餅家-蒙市分店,DIAMOND BAKERY,742-746 W. Gavery Ave.,BAKERS-RETAIL,餐飲食品,626-289-5172
Irvine,頂好餅屋,DIHO BAKERY,14130 Culver Dr. #J,BAKERS-RETAIL,餐飲食品,949-857-6415
Rosemead,多美思餅店,DOMIES BAKERY,7609 Garvey Ave.,BAKERS-RETAIL,餐飲食品,626-280-3085
San Gabriel,多美思蛋糕店,DOMIES BAKERY,529 E. Valley Bl. #118,BAKERS-RETAIL,餐飲食品,626-571-8399
Rowland Hts,,EAT CAKE CAFE,19705 E. Colima Rd.#6,BAKERS-RETAIL,餐飲食品,714-261-6192
Los Angeles,奇異情趣蛋糕,EXOTIC CAKES,1068 S. Fairfax Ave.,BAKERS-RETAIL,餐飲食品,323-938-2286
Los Angeles,美如點心餅家,FAMILY PATSRYINC.,715 N. Spring St.,BAKERS-RETAIL,餐飲食品,213-622-5255
San Gabriel,幸運餅家,FORTUNE BAKERY INC.,700 W. Las Tunas Dr.,BAKERS-RETAIL,餐飲食品,626-576-0514
Monterey Park,楓葉蛋糕,G.P. BAKERY,2331 S. Garfield Ave.,BAKERS-RETAIL,餐飲食品,323-888-9878
Rosemead,嘉福糕餅店,GARFUC BAKERY,9008 E. Garvey Ave. #D,BAKERS-RETAIL,餐飲食品,626-280-8737
Burbank,巴西燒烤餐廳,BRAZILIAN GRILL & BAR,269 E. Palm Ave.,RESTAURANTS-BAR-B-QUE,餐飲食品,818-972-2100
Tarzana,牛仔式烤肉,EL PASO BARBEQUE CO.,18938 Ventura Bl.,RESTAURANTS-BAR-B-QUE,餐飲食品,818-996-5607
W. Covina,大汗蒙古烤肉,EMPEROR MONGOLIA B.B.Q.,138 N Grand Ave.,RESTAURANTS-BAR-B-QUE,餐飲食品,626-332-2869
W. Covina,綠野巴西窯烤,GREEN FIELD CHURRASCARIA,381 N. Azusa Ave.,RESTAURANTS-BAR-B-QUE,餐飲食品,888-295-1306
Long Beach,綠野巴西窯烤,GREEN FIELD CHURRASCARIA,5305 E. Pacific Coast Hwy.,RESTAURANTS-BAR-B-QUE,餐飲食品,562-597-0906
S. Pasadena,,GUS'S BARBEQUE,808 Fair Oaks Ave.,RESTAURANTS-BAR-B-QUE,餐飲食品,626-799-3251
Los Angeles,正統巴西B.B.Q.,M GRILL,3832 Wilshire Bl. #202,RESTAURANTS-BAR-B-QUE,餐飲食品,213-389-2770
Fullerton,蒙古烤肉,MAD WOLF MONGOLIAN BAR-B-Q,4110 N. Harbor Bl.,RESTAURANTS-BAR-B-QUE,餐飲食品,714-879-6651
Torrance,蒙古王烤肉館,MONGOL KING B.B.Q,24012 Vista Montana,RESTAURANTS-BAR-B-QUE,餐飲食品,310-375-1513
Sherman Oaks,蒙古烤肉,MONGOLIAN BAR B.Q.,4454 Van Nuys Bl. #K,RESTAURANTS-BAR-B-QUE,餐飲食品,818-783-6646
Rowland Hts.,,ONG GA NAE BBQ RESTAURANT,19745 Colima Rd. #4,RESTAURANTS-BAR-B-QUE,餐飲食品,909-839-0982
Los Angeles,蒙古烤肉餐廳,THREE FLAMES MONGOLIAN BAR-B-Q,5608 W. Manchester Ave.,RESTAURANTS-BAR-B-QUE,餐飲食品,310-641-6868
Los Angeles,韓式烤肉,WILSHIRE  KOREAN BBQ,3807 Wilshire Bl. #120,RESTAURANTS-BAR-B-QUE,餐飲食品,213-386-5900
Rosemead,泰仙鄉,ANGEL THAI HOUSE,8450 Valley Bl. #116,RESTAURANTS-THAI,餐飲食品,626-288-1183
Los Angeles,,AUTHENTIC THAI RESTAURANT,637 N. Spring St.,RESTAURANTS-THAI,餐飲食品,213-613-1115
Rowland Hts.,,BAIMON RESTAURANT,1741 Fullerton Rd.,RESTAURANTS-THAI,餐飲食品,626-964-6851
Rowland Hts.,蕉葉泰式餐廳,BANANA BAY,18230 Colima Rd.,RESTAURANTS-THAI,餐飲食品,626-839-5511
Westminster,,BANGKOK PAI,9707 Bolsa Ave.,RESTAURANTS-THAI,餐飲食品,714-775-9788
San Gabriel,非常泰,CAFE DE BANGKOK,402 E. Valley Bl.,RESTAURANTS-THAI,餐飲食品,626-288-0099
Orange,,CHA THAI RESTAURANT,1520 W. Chapman Ave.,RESTAURANTS-THAI,餐飲食品,714-978-3905
Pasadena,,CHANDRA THAI RESTAURANT,400 S. Arroyo Pkwy.,RESTAURANTS-THAI,餐飲食品,626-577-6599
Rowland Hts.,,COCONUT BAY BAR & GRILL,18922 Gale Ave.,RESTAURANTS-THAI,餐飲食品,626-913-9933
W. Covina,,COZY THAI RESTAURANT,2550 E. Amar Rd. #A-7,RESTAURANTS-THAI,餐飲食品,626-581-2481
Temple City,　,EDEN THAI CUISINE,9426 E. Las Tunas Dr.,RESTAURANTS-THAI,餐飲食品,626-286-7795
Alhambra,青木瓜泰國餐廳,GREEN PAPAYA THAI RESTAURANT,1800 W. Valley Bl.,RESTAURANTS-THAI,餐飲食品,626-282-1291
Monterey Park,泰國餐,HOY-KA THAI NOODLE,230 N. Garfield Ave. #D12,RESTAURANTS-THAI,餐飲食品,626-927-9629
Cypress,,KAPOW THAI,4758 Lincoln Ave.,RESTAURANTS-THAI,餐飲食品,714-827-8170
N. Hollywood,泰味軒餐廳,KRUA THAI,13130 Sherman Way,RESTAURANTS-THAI,餐飲食品,818-759-7998
W. Covina,泰味軒餐廳,KRUA THAI,935 S. Glendora Ave.,RESTAURANTS-THAI,餐飲食品,626-480-0116
Rosemead,泰麗餐廳,LUBLAE THAI FOOD,3684 Rosemead Bl.,RESTAURANTS-THAI,餐飲食品,626-572-7711
Downey,泰國餐,NARAI THAI CUISINE,7611 Firestone Bl.,RESTAURANTS-THAI,餐飲食品,562-928-4632
Monterey Park,,NOODLE PLANET,1935 S. Atlantic Bl.,RESTAURANTS-THAI,餐飲食品,323-881-0900
Los Angeles,,NOODLE PLANET,1118 Westwood Bl.,RESTAURANTS-THAI,餐飲食品,310-208-0777
Pasadena,皇上皇麵家,NOODLE WORLD,24 W. Colorado Bl.,RESTAURANTS-THAI,餐飲食品,626-585-5885
San Marino,皇上皇麵家,NOODLE WORLD,932 Huntington Dr.,RESTAURANTS-THAI,餐飲食品,626-300-1010
Alhambra,皇上皇麵家,NOODLE WORLD,700 W. Valley Bl.,RESTAURANTS-THAI,餐飲食品,626-293-8800
Arcadia,蘭花泰餐,ORCHID THAI CUISINE,1311 S. Baldwin Ave. #A,RESTAURANTS-THAI,餐飲食品,626-821-2099
City of Industry,,PAIR THAI RESTAURANT,18219 E. Gale Ave. #8,RESTAURANTS-THAI,餐飲食品,626-964-2370
Huntington Beach,,PHUKEC RESTAURANT,16612 Beach Bl.,RESTAURANTS-THAI,餐飲食品,714-842-1101
Rowland Hts.,泰景苑菜館,PRESIDENT THAI RESTAURANT,1390 Fullerton Rd. #105,RESTAURANTS-THAI,餐飲食品,626-839-3340
Pasadena,泰景苑菜館,PRESIDENT THAI RESTAURANT,498 S. Rosemead Bl.,RESTAURANTS-THAI,餐飲食品,626-578-9814
Torrance,,ROYALTSAI,24631 S. Crenshaw Bl. #J,RESTAURANTS-THAI,餐飲食品,310-539-8984
Rosemead,銘廚,RUBEN'S KITCHEN,8728 Valley Bl. #101,RESTAURANTS-THAI,餐飲食品,626-307-1157
Los Angeles,可口餐室,SALATHAI RESTAURANT,211 Alpine St. alpine Plaza,RESTAURANTS-THAI,餐飲食品,213-625-0805
San Gabriel,,SALATHAI THAI CUISINE,7258 N. Rosemead Bl.,RESTAURANTS-THAI,餐飲食品,626-287-5850
Pomona,泰國餐,SANAMLUANG CAFE,1648 Indian Hill Bl.,RESTAURANTS-THAI,餐飲食品,909-621-0904
N. Hollywood,泰國餐,SANAMLUANG CAFE,12980 Sherman Way #7,RESTAURANTS-THAI,餐飲食品,818-764-1180
Hollywood,泰味軒餐廳,SANAMLUANG CAF'E,5176 Hollywood Bl.,RESTAURANTS-THAI,餐飲食品,323-660-8006
San Gabriel,三帆泰式料理,SANPAN RESTAURANTS,227 W .Valley Bl. #108B,RESTAURANTS-THAI,餐飲食品,626-458-8989
W. Covina,,THAI BBQ & SEAFOOD,1559 E. Amar Rd. #D,RESTAURANTS-THAI,餐飲食品,626-913-7647
Arcadia,美味泰,THAI CLASSIC RESTAURANTS,1011 S. Baldwin Ave.,RESTAURANTS-THAI,餐飲食品,626-294-9914
Lake Forest,,THAI CORNER,22371 El Toro Rd. #A,RESTAURANTS-THAI,餐飲食品,949-380-8869
Buena Park,非常泰式料理,THAI CUISINE EXPRESS,6098 Orangethorpe Ave.,RESTAURANTS-THAI,餐飲食品,714-522-1323
Cerritos,喜瑞都泰國菜,THAI ORIGINAL B.B.Q.,11323 183rd St.,RESTAURANTS-THAI,餐飲食品,562-924-0042
San Gabriel,泰香苑,THAI PARADISE AUTHENTIC THAI CUISINE,909 W. Las Tunas Dr.,RESTAURANTS-THAI,餐飲食品,626-570-8887
Monterey Park,泰香苑,THAI PARADISE AUTHENTIC THAI CUISINE,141 N. Atlantic Bl. #113-115,RESTAURANTS-THAI,餐飲食品,626-281-8886
Westminster,泰國公主,THAI PRINCESS RESTAURANT,16338 Beach Blvd.,RESTAURANTS-THAI,餐飲食品,714-841-7935
Alhambra,紫苑泰餐,THAI PURPLE RESTAURNT,27 N. Garfield Ave.,RESTAURANTS-THAI,餐飲食品,626-300-9083
Hacienda Hts.,泰國餐廳  2,THAI SPECIALTY 2,1675 S. Azusa Ave.,RESTAURANTS-THAI,餐飲食品,626-810-9900
Costa Mesa,,THAI SPICE,263 E. 17th St.,RESTAURANTS-THAI,餐飲食品,949-722-9188
Whittier,泰式美食,THAI TABLE RESTAURANT,10509 Santa Gertrudes Ave.,RESTAURANTS-THAI,餐飲食品,562-947-9670
Monterey Park,成泰咖啡餐室,THANH THAI,423 N. Atlantic Bl. #102,RESTAURANTS-THAI,餐飲食品,626-284-1295
Los Angeles,,WUHA THAI FOOD,727 N. Broadway #117,RESTAURANTS-THAI,餐飲食品,213-680-3838
El Monte,LOVE SANDWICHES,,10053 Valley Bl.#5.,RESTAURANTS-WESTERN,餐飲食品,626-455-0930
Monterey Park,ABC  港式西餐廳,ABC CAFE,100 N. Garfield Ave.,RESTAURANTS-WESTERN,餐飲食品,626-573-0718
Los Angeles,野獸餐廳,ANIMAL RESTAURANT,435 N. Fairfax Ave.,RESTAURANTS-WESTERN,餐飲食品,323-782-9225
Mira Loma,,APPLEBEE'S,12375 Limonite Ave.,RESTAURANTS-WESTERN,餐飲食品,951-360-8537
Alhambra,,APPLEBEE'S,21 E. Main St.,RESTAURANTS-WESTERN,餐飲食品,626-576-4621
Chino,,APPLEBEE'S,3956 Grand Ave.,RESTAURANTS-WESTERN,餐飲食品,909-590-7844
Bell Gardens,,APPLEBEE'S,5700 E. Florence Ave.,RESTAURANTS-WESTERN,餐飲食品,323-326-2020
Corona,,APPLEBEE'S,521 N. Mckinley St.,RESTAURANTS-WESTERN,餐飲食品,951-371-1995
Montebello,,APPLEBEE'S,1493 N. Montebello Bl.,RESTAURANTS-WESTERN,餐飲食品,323-278-0250
Monrovia,,APPLEBEE'S,502 W. Huntington Dr.,RESTAURANTS-WESTERN,餐飲食品,626-932-0070
La Habra,,APPLEBEE'S,1238 W. Imperial Hwy.,RESTAURANTS-WESTERN,餐飲食品,562-690-0779
Fountain Valley,,APPLEBEE'S,18279 Brookhurst St.,RESTAURANTS-WESTERN,餐飲食品,714-963-1835
Montclair,,APPLEBEE'S,9241 Monte Vista Ave.,RESTAURANTS-WESTERN,餐飲食品,909-624-5555
Alhambra,百家利,BACCALI ROTISSEIRE,245 W. Valley Bl.,RESTAURANTS-WESTERN,餐飲食品,626-293-3300
Rosemead,,BAHOOKA,4501 N. Rosemead Bl.,RESTAURANTS-WESTERN,餐飲食品,626-285-1241
S. Pasadena,,BAO BAO'S FANTA-SEA GRILL,912 Fair Oaks Ave.,RESTAURANTS-WESTERN,餐飲食品,626-799-5588
Pasadena,貝克漢鄉村餐廳,BECKHAM GRILL,77 W. Walnut St.,RESTAURANTS-WESTERN,餐飲食品,626-796-3399
Ontario,,BLACK ANGUS STEAKHOUSE,3640 Porsche Way,RESTAURANTS-WESTERN,餐飲食品,909-944-6882
Monrovia,,BLACK ANGUS STEAKHOUSE,560 W. Huntington Dr.,RESTAURANTS-WESTERN,餐飲食品,626-303-2411
Whittier,,BLACK ANGUS STEAKHOUSE,15500 Whittier Bl.,RESTAURANTS-WESTERN,餐飲食品,562-947-2200
Burbank,,BLACK ANGUS STEAKHOUSE,235 S. 1st St.,RESTAURANTS-WESTERN,餐飲食品,818-848-8880
Buena Park,,BLACK ANGUS STEAKHOUSE,7111 Beach Bl.,RESTAURANTS-WESTERN,餐飲食品,714-670-2012
Lakewood,,BLACK ANGUS STEAKHOUSE,5000 E. Candlewood St.,RESTAURANTS-WESTERN,餐飲食品,562-531-6921
Montclair,,BLACK ANGUS STEAKHOUSE,9415 Monte Vista Ave.,RESTAURANTS-WESTERN,餐飲食品,909-621-4821
Torrance,,BLACK ANGUS STEAKHOUSE,3405 Carson St.,RESTAURANTS-WESTERN,餐飲食品,310-370-1523
Tustin,海鮮餐廳,BLUE WATER GRILL SEAFOOD RESTAURANT,2409 Park Ave.,RESTAURANTS-WESTERN,餐飲食品,714-258-3474
Newport Beach,海鮮餐廳,BLUE WATER GRILL SEAFOOD RESTAURANT,630 Lido Park Dr.,RESTAURANTS-WESTERN,餐飲食品,949-675-3474
Los Angeles,,BORDER GRILL,445 S. Figueroa St.,RESTAURANTS-WESTERN,餐飲食品,213-486-5171
Hacienda Hts.,波士頓西餐廳,BOSTON CAFE,1631 S. Azusa Ave.,RESTAURANTS-WESTERN,餐飲食品,626-820-1238
Rowland Hts.,波士頓西餐,BOSTON KITCHEN,1700 Batson Ave.,RESTAURANTS-WESTERN,餐飲食品,626-810-2300
Diamond Bar,,CAFE HAUS,20627 Golden Springs Dr. #1R,RESTAURANTS-WESTERN,餐飲食品,909-598-0815
Temple City,,CAFÉ ROULE,9153 Las Tunas Dr.,RESTAURANTS-WESTERN,餐飲食品,626-872-1188
Monrovia,,CAFFE' OPERA,402 S. Myrtle Ave.,RESTAURANTS-WESTERN,餐飲食品,626-305-0094
San Gabriel,,CAPTAIN CRAB,250 W. Valley Bl. #J,RESTAURANTS-WESTERN,餐飲食品,626-293-8338
S. Pasadena,,CARROWS RESTAURANT,815 N. Fremont Ave.,RESTAURANTS-WESTERN,餐飲食品,626-799-0561
W. Covina,,CARROWS RESTAURANT,101 S. Azusa Ave.,RESTAURANTS-WESTERN,餐飲食品,626-919-1618
Rosemead,　,CARROWS RESTAURANT,1021 San Gabriel Bl.,RESTAURANTS-WESTERN,餐飲食品,626-288-5633
Rosemead,查理布朗牛排屋,CHARLEY BROWN'S,909 N. San Gabriel Bl.,RESTAURANTS-WESTERN,餐飲食品,626-288-6001
Glendora,,COCO'S BAKERY & RESTAURANT,1317 S. Lone Hill Ave.,RESTAURANTS-WESTERN,餐飲食品,909-394-2025
Montebello,,COCO'S BAKERY & RESTAURANT,2501 Via Campo,RESTAURANTS-WESTERN,餐飲食品,323-728-4690
Arcadia,,COCO'S BAKERY & RESTAURANT,1150 W. Colorado Bl.,RESTAURANTS-WESTERN,餐飲食品,626-446-5611
Arcadia,,COCO'S BAKERY & RESTAURANT,1440 S. Baldwin Ave.,RESTAURANTS-WESTERN,餐飲食品,626-447-4505
Anaheim,,COCO'S BAKERY & RESTAURANT,1100 W. Katella Ave.,RESTAURANTS-WESTERN,餐飲食品,714-772-0414
Brea,,COCO'S BAKERY & RESTAURANT,1250 Imperial Hwy.,RESTAURANTS-WESTERN,餐飲食品,714-990-0671
Pasadena,,COCO'S BAKERY & RESTAURANT,77 N. Lake Ave.,RESTAURANTS-WESTERN,餐飲食品,626-449-3156
Torrance,,COCO'S BAKERY & RESTAURANT,21815 Hawthorne Bl.,RESTAURANTS-WESTERN,餐飲食品,310-542-2686
Upland,,COCO'S BAKERY & RESTAURANT,60 W. Foothill Bl.,RESTAURANTS-WESTERN,餐飲食品,909-985-9604
Garden Grove,,COCO'S BAKERY & RESTAURANT,12032 Harbor Bl.,RESTAURANTS-WESTERN,餐飲食品,714-750-7477
San Gabriel,逗牛式牛排館,COWBOY STEAK HOUSE,227 W. Valley Bl. #128B,RESTAURANTS-WESTERN,餐飲食品,626-282-1348
Fullerton,富樂頓假日皇冠酒店,CROWNE PLAZA FULLERTON,1500 S. Raymond Ave.,RESTAURANTS-WESTERN,餐飲食品,714-635-9000
El Monte,美德素齋,MERIT VEGGIE PLACE,11022 Lower Azusa Rd.,RESTAURANTS-VEGETARIAN,餐飲食品,626-279-2098
Arcadia,芽菜坊素食小館,BEAN SPROUTS VEGETARIAN RESTAURANT,103 E. Huntington Dr.,RESTAURANTS-VEGETARIAN,餐飲食品,626-254-8708
San Gabriel,巧園素菜餐廳,FINE GARDEN VEGETARIAN CUISINE,841 W. Las Tunas Dr.,RESTAURANTS-VEGETARIAN,餐飲食品,626-282-2282
Hacienda Hts.,新澄慧素食,GARDEN FRESH VEGETARIAN FOOD,16034 Gale Ave.,RESTAURANTS-VEGETARIAN,餐飲食品,626-968-2279
San Gabriel,御素坊,GOURMET VEGETARIAN RESTAURANT,140 W. Valley Bl. #222,RESTAURANTS-VEGETARIAN,餐飲食品,626-280-5998
San Bernardino,欣園素菜館,HAPPY FAMILY VEGETARIAN RESTAU,2150 S. Waterman Ave.,RESTAURANTS-VEGETARIAN,餐飲食品,909-783-8928
Costa Mesa,欣園素菜館,HAPPY FAMILY VEGETARIAN RESTAU,1400 Bristol St.,RESTAURANTS-VEGETARIAN,餐飲食品,714-668-9288
Rowland Hts.,欣園素菜館,HAPPY FAMILY VEGETARIAN RESTAU,18425 E. Colima Rd. 2nd Fl.,RESTAURANTS-VEGETARIAN,餐飲食品,626-965-9923
Rowland Hts.,寬心園素菜餐廳,HAPPY VEGGIE GARDEN,1015 S. Nogales St. #127A,RESTAURANTS-VEGETARIAN,餐飲食品,626-810-2298
Alhambra,愛家國際連鎖素食餐飲,LOVING HUT - VEGAN / VEGETARIA,621 W. Main St.,RESTAURANTS-VEGETARIAN,餐飲食品,626-289-2684
Rosemead,新欣園素菜館,NEW HAPPY FAMILY RESTAURANT,8632 E. Valley Bl. #E,RESTAURANTS-VEGETARIAN,餐飲食品,626-288-5786
West Covina,ONE WORLD素餐館,ONE WORLD VEGETARIAN CUISINE,178 S. Glendora Ave.,RESTAURANTS-VEGETARIAN,餐飲食品,626-917-2727
Arcadia,一品齋,SUPREME VEGETARIAN CUISINE,558 W. Las Tunas Dr.,RESTAURANTS-VEGETARIAN,餐飲食品,626-445-8882
Granada Hills,天香素菜館,VEGETABLE DELIGHT RESTAURANT,17823 Chatsworth St.,RESTAURANTS-VEGETARIAN,餐飲食品,818-360-3997
Pasadena,新概念健康素食,VEGGIE & TEA HOUSE,1055 E. Clorado Bl. #102,RESTAURANTS-VEGETARIAN,餐飲食品,626-440-0088
Upland,愛家素食餐廳,VEGGIE ERA,903 W. Foothill Bl. #B,RESTAURANTS-VEGETARIAN,餐飲食品,909-982-3882
Los Angeles,,VEGGIE GRILL,8000 W Sunset Bl,RESTAURANTS-VEGETARIAN,餐飲食品,323-822-7575
Cerritos,素香緣,VEGI WOKERY,11329 183rd St.,RESTAURANTS-VEGETARIAN,餐飲食品,562-809-3928
Chino,元氣日式海鮮自助餐,GENKI SUSHI & SEAFOOD BUFFET,4751 Riverside Dr.,RESTAURANTS-JAPANESE,餐飲食品,909-364-9899
San Gabriel,一級棒日式燒烤,WONDERFUL RESTAURANT,1558 S. New Ave.,RESTAURANTS-JAPANESE,餐飲食品,626-289-7586
Hollywood,山城,YAMASHIRO,1999 N. Sycamore Ave.,RESTAURANTS-JAPANESE,餐飲食品,323-466-5125
Pasadena,舟壽司,A'FLOAT SUSHI,87 E. Colorado Bl.,RESTAURANTS-JAPANESE,餐飲食品,626-792-9779
Temple City,味千拉麵,AJISEN RAMEN,9202 Las Tunas Dr.,RESTAURANTS-JAPANESE,餐飲食品,626-292-3888
San Gabriel,味千拉麵,AJISEN RAMEN,227 W. Valley Bl. #108-A,RESTAURANTS-JAPANESE,餐飲食品,626-281-8388
Irvine,味千拉麵,AJISEN RAMEN,2700 Alton Pkwy.,RESTAURANTS-JAPANESE,餐飲食品,949-833-3288
Rowland Hts.,味千拉麵,AJISEN RAMEN,18253 Colima Rd.,RESTAURANTS-JAPANESE,餐飲食品,626-839-2188
Walnut,赤坂,AKASAKA JAPANESE CUISINE INC.,505 Grand Ave. #G,RESTAURANTS-JAPANESE,餐飲食品,909-598-8816
Hacienda Hts.,,AKASAKA JAPANESE RESTAURANT,14926 Clark Ave.,RESTAURANTS-JAPANESE,餐飲食品,626-336-0871
Cypress,,AKI SUISI,4720 Lincoln Ave.,RESTAURANTS-JAPANESE,餐飲食品,714-828-2218
Westwood,創意日本料理,AMI JAPANESE RESTAURANT & SUSHI,1051 Broxton Ave.,RESTAURANTS-JAPANESE,餐飲食品,310-209-1994
Los Angeles,,ARADO JAPANESE RESTAURANT,4001 Wilshire Bl. #AB,RESTAURANTS-JAPANESE,餐飲食品,213-387-1199
Gardena,吾妻,AZUMAN JAPANESE RESTAURANT,16123 S. Western Ave.,RESTAURANTS-JAPANESE,餐飲食品,310-532-8623
Ontario,笑和日式燒肉,B&F JAPANESE STYLE BBQ & SUSHI,3495 E. Concours St. #D&E,RESTAURANTS-JAPANESE,餐飲食品,909-945-2818
Whittier,,BAMBOOZE,6518 Greenleaf Ave.,RESTAURANTS-JAPANESE,餐飲食品,562-696-2337
Ontario,紅花日本料理,BENIHANA RESTAURANT,3760 E. Inland Empire Bl.,RESTAURANTS-JAPANESE,餐飲食品,909-483-0937
Torrance,紅花日本料理,BENIHANA RESTAURANT,21327 Hawthorne Bl.,RESTAURANTS-JAPANESE,餐飲食品,310-316-7777
Santa Monica,紅花日本料理,BENIHANA RESTAURANT,1447 4th St.,RESTAURANTS-JAPANESE,餐飲食品,310-260-1423
Encino,紅花日本料理,BENIHANA RESTAURANT,16226 Ventura Bl.,RESTAURANTS-JAPANESE,餐飲食品,818-788-7121
Newport Beach,紅花日本料理,BENIHANA RESTAURANT,4250 Birch St.,RESTAURANTS-JAPANESE,餐飲食品,949-955-0822
Beverly Hills,紅花日本料理,BENIHANA RESTAURANT,38 N. La Cienega Bl.,RESTAURANTS-JAPANESE,餐飲食品,323-655-7311
City of Industry,紅花日本料理,BENIHANA RESTAURANT,17877 Gale Ave.,RESTAURANTS-JAPANESE,餐飲食品,626-912-8784
Anaheim,紅花日本料理,BENIHANA RESTAURANT,2100 E. Ball Rd.,RESTAURANTS-JAPANESE,餐飲食品,714-774-4940
Arcadia,弁当屋,BENTO-YA SUSHI & JAPANESE GOURMET,420 S. 1st Ave.,RESTAURANTS-JAPANESE,餐飲食品,626-445-0910
Covina,毘沙門,BIHAMON SUSHI & JAPANESE,139 N. Citrus Ave.,RESTAURANTS-JAPANESE,餐飲食品,626-967-5900
Chino Hills,米修拉麵,CAFE MISO,4200 Chino Hills Pky.#143,RESTAURANTS-JAPANESE,餐飲食品,909-393-1788
Pomona,,CALIFORNIA SHUSHI & TERIYAKI,3520 Temple Ave.,RESTAURANTS-JAPANESE,餐飲食品,909-595-8867
Costa Mesa,居酒屋漫畫網咖,CHAYA JAPANESE GRILL TAPIOCA DRINKS & INTERNET COMIC CAFÉ,3030 Bristol St,RESTAURANTS-JAPANESE,餐飲食品,714-436-5798
Gardena,陳麻家,CHINMAYA OF TOKYO,18537 S. Western Bl.,RESTAURANTS-JAPANESE,餐飲食品,310-532-0999
Los Angeles,陳麻家,CHIN-MA-YA OF TOKYO,123 Onizuka St. #202,RESTAURANTS-JAPANESE,餐飲食品,213-625-3400
Alhambra,鶴壽司,CRANE SUSHI,17 W. Main St.,RESTAURANTS-JAPANESE,餐飲食品,626-458-0388
Monterey Park,,CURRY HOUSE,500 N. Atlantic Bl. #A110,RESTAURANTS-JAPANESE,餐飲食品,626-588-2002
Gardena,,CURRY HOUSE,1425 W. Artesia Bl. #24,RESTAURANTS-JAPANESE,餐飲食品,310-323-7017
Diamond Bar,,5 KITCHEN CHEESE,1381 S. Diamond Bar Bl.,RESTAURANTS-KOREAN,餐飲食品,909-396-9968
Torrance,,CURRY HOUSE,21215 Hawthorne Bl.,RESTAURANTS-JAPANESE,餐飲食品,310-540-8980
Cypress,,CURRY HOUSE,10953 Meridian Dr. #P,RESTAURANTS-JAPANESE,餐飲食品,714-527-6224
City of Industry,,CURRY HOUSE,17865 Colima Rd.,RESTAURANTS-JAPANESE,餐飲食品,626-964-4355
Los Angeles,,CURRY HOUSE,123 Onizuka St. #108B,RESTAURANTS-JAPANESE,餐飲食品,213-687-7344
Los Angeles,,CURRY HOUSE,123 S. Onizuka St. #204,RESTAURANTS-JAPANESE,餐飲食品,213-620-0855
Los Angeles,,CURRY HOUSE,2130 S. Sawtelle Bl. #200,RESTAURANTS-JAPANESE,餐飲食品,310-479-8477
Irvine,,CURRY HOUSE,14407 Culver Dr.,RESTAURANTS-JAPANESE,餐飲食品,949-654-1449
Hacienda Hts.,大黑家,DAIKOKUYA,15827 E. Gale Ave.,RESTAURANTS-JAPANESE,餐飲食品,626-968-0810
Los Angeles,大黑家,DAIKOKUYA,327 E. 1st St.,RESTAURANTS-JAPANESE,餐飲食品,213-626-1680
Monterey Park,大黑家,DAIKOKUYA,111 N. Atlantic Bl. #241,RESTAURANTS-JAPANESE,餐飲食品,626-570-1930
Costa Mesa,大黑家,DAIKOKUYA,2975 Harbor Bl.,RESTAURANTS-JAPANESE,餐飲食品,714-436-0151
Walnut,,DOMO SUSHI & ROLL,1375 N. Grand Ave.,RESTAURANTS-JAPANESE,餐飲食品,909-598-8291
Los Angeles,居食處,EBISU,356 E. 2nd St.,RESTAURANTS-JAPANESE,餐飲食品,213-613-1644
Tustin,高氏日式海鮮鐵板燒,FOOD SERVICES GROUP INC,1061 E. Main St.,RESTAURANTS-JAPANESE,餐飲食品,714-505-6738
Los Angeles,日本火車餐,FRYING FISH,120 Japanese Village Plaza Mal,RESTAURANTS-JAPANESE,餐飲食品,213-680-0567
Culver City,,FU JI WOK & SUSHI,3905 Sepulveda Bl.,RESTAURANTS-JAPANESE,餐飲食品,310-390-2158
Irvine,阿里朗烤肉店,A RI RANG BBQ HOUSE,4595 Barranca Pkwy.,RESTAURANTS-KOREAN,餐飲食品,949-559-3605
San Gabriel,阿里郎嫩豆腐,A RI RANG TOFU HOUSE,529 E. Valley Bl. #128,RESTAURANTS-KOREAN,餐飲食品,626-288-6069
Buena Park,亞韓式烤肉,ARIA,7814 Orangethorpe Ave. #106,RESTAURANTS-KOREAN,餐飲食品,714-739-4300
Irvine,阿里朗烤肉店,ARIRANG BBQ HOUSE,4595 Barranca Pkwy.,RESTAURANTS-KOREAN,餐飲食品,949-559-3605
San Gabriel,阿里郎嫩豆腐,ARIRANG TOFU HOUSE,529 E. Valley Bl. #128,RESTAURANTS-KOREAN,餐飲食品,626-288-6069
Los Angeles,白宮韓國炭火烤肉,BAK KUNG KOREAN BBQ,3700 W. Olympic Bl.#100,RESTAURANTS-KOREAN,餐飲食品,323-734-9292
Cerritos,北蒼洞嫩豆腐,BCD TOFU HOUSE,11818 South St. #101,RESTAURANTS-KOREAN,餐飲食品,562-809-8098
Reseda,北蒼洞嫩豆腐,BCD TOFU HOUSE,18044 Saticoy St.,RESTAURANTS-KOREAN,餐飲食品,818-342-3535
Buena Park,北蒼洞嫩豆腐,BCD TOFU HOUSE,5321 Beach Bl.,RESTAURANTS-KOREAN,餐飲食品,714-521-4500
Garden Grove,北蒼洞嫩豆腐,BCD TOFU HOUSE,9520 Garden Grove Bl.,RESTAURANTS-KOREAN,餐飲食品,714-636-5599
Rowland Hts.,北蒼洞嫩豆腐,BCD TOFU HOUSE,1731 Fullerton Rd.,RESTAURANTS-KOREAN,餐飲食品,626-964-7073
Los Angeles,北蒼洞嫩豆腐,BCD TOFU HOUSE,3575 Wilshire Bl.,RESTAURANTS-KOREAN,餐飲食品,213-382-6677
Los Angeles,北蒼洞嫩豆腐,BCD TOFU HOUSE,869 S. Western Ave. #2,RESTAURANTS-KOREAN,餐飲食品,213-380-3807
Torrance,北蒼洞嫩豆腐,BCD TOFU HOUSE,1607 Sepulveda Bl.,RESTAURANTS-KOREAN,餐飲食品,310-534-3480
Los Angeles,,BEVERLY TOFU HOUSE,2717 W. Olympic Bl. #108,RESTAURANTS-KOREAN,餐飲食品,213-380-1113
Garden Grove,韓國傳統營養粥,BONJUK,10130 Garden Grove Bl. #129,RESTAURANTS-KOREAN,餐飲食品,714-534-0113
Fullerton,韓國傳統營養粥,BONJUK,1821 N. Euclid St.,RESTAURANTS-KOREAN,餐飲食品,714-871-9591
Los Angeles,燒烤之家,BULGOGI HOUSE,3600 Wilshire Bl.,RESTAURANTS-KOREAN,餐飲食品,213-388-1988
Cerritos,,CAFE HQ RESTAURANT,13337 Artesia Bl.,RESTAURANTS-KOREAN,餐飲食品,562-802-2006
Rowland Hts.,加州嫩豆腐,CAJU SOFT TOFU RESTAURANT,18797 E. Colima Rd.,RESTAURANTS-KOREAN,餐飲食品,626-839-1661
Los Angeles,城,CASTLE KOREAN B.B.Q.,473 N. Western Ave. #1,RESTAURANTS-KOREAN,餐飲食品,323-467-3813
Irvine,,CHAE BAHN WELLBEING KOREAN CUISINE,2750 Alton Pkwy. #105,RESTAURANTS-KOREAN,餐飲食品,949-475-0011
Buena Park,,CHAM SOOT GOL,8552 Beach Bl.,RESTAURANTS-KOREAN,餐飲食品,714-828-1363
Rowland Hts.,張家店,CHANG'S RESTAURANT,1722 Desire Ave. #108,RESTAURANTS-KOREAN,餐飲食品,626-839-7977
Buena Park,朝鮮屋,CHO SUN OK KOREAN BBQ,7880 Beach Bl.,RESTAURANTS-KOREAN,餐飲食品,714-522-5559
Diamond Bar,韓國萬歲,CHODANG RESTAURANT,1155 S. Diamond Bar Bl. #M,RESTAURANTS-KOREAN,餐飲食品,909-861-6565
Los Angeles,崔家韓國烤肉,CHOIGANEI KOREAN B.B.Q.,3916 Wilshire Bl.,RESTAURANTS-KOREAN,餐飲食品,213-382-8988
Los Angeles,朝鮮牛排館,CHOSUN GALBEE RESTAURANT,3330 W. Olympic Bl.,RESTAURANTS-KOREAN,餐飲食品,323-732-5000
Los Angeles,韓國特味,CHUNG KI WA KOREAN RESTAURANT,3545 W. Olympic Bl.,RESTAURANTS-KOREAN,餐飲食品,323-737-0809
Alhambra,韓國日本料理專門店,CRAZY SUSHI - TOFU VILLAGE,201 E. Bay State St. #1,RESTAURANTS-KOREAN,餐飲食品,626-282-3557
Los Angeles,多來屋,DHA RAE OK KOREAN,1106 S. Western Ave.,RESTAURANTS-KOREAN,餐飲食品,323-733-2474
Los Angeles,多啖韓國烤肉,DODAM KOREAN BBQ,901 S. Western Ave. #104,RESTAURANTS-KOREAN,餐飲食品,323-734-4500
Hacienda Hts.,多福嫩豆腐,DOK TOFU,15944 Halliburton Rd.,RESTAURANTS-KOREAN,餐飲食品,626-961-7551
Los Angeles,豚大監碳烤豬肉專門店,DON DAE GAM PORK B.B.Q.,1145 S. Western Ave.,RESTAURANTS-KOREAN,餐飲食品,323-373-0700
Los Angeles,,DON DAY,300 S. Hobart Bl. #100,RESTAURANTS-KOREAN,餐飲食品,213-380-9292
Los Angeles,,DOOBALLO RESTAURANT(CAPEOKE),1125 Crenshaw Bl.,RESTAURANTS-KOREAN,餐飲食品,323-938-2828
Cerritos,烤肉村,EUNCHUNE KOREAN BBQ VILLAGE,16488 Norwalk Bl.,RESTAURANTS-KOREAN,餐飲食品,562-802-5959
Rowland Hts.,韓國烤肉自助餐,FEEDABLE B.B.Q BUFFET,18311 E. Colima Rd.,RESTAURANTS-KOREAN,餐飲食品,626-964-9595
Garden Grove,,FOLK VILLAGE RESTAURANT,9252 Garden Grove Bl.,RESTAURANTS-KOREAN,餐飲食品,714-638-7001
Los Angeles,,GAMJA-GOL KOREAN RESTAURANT,3003 W. Olimpic Bl.. #107,RESTAURANTS-KOREAN,餐飲食品,213-381-6446
Pasadena,家園宮廷式韓國料理,GAON KOREAN BBQ RESTAURON,2063 E. Colorado Bl.,RESTAURANTS-KOREAN,餐飲食品,626-796-9604
Artesia,韓國烤肉、海鮮自助餐,GARDEN BUFFET BBQ & SEAFOOD,11746 South St.,RESTAURANTS-KOREAN,餐飲食品,562-924-2882
Rowland Hts.,故鄉嫩豆腐,GO HYANG SOON TOFU RESTAURANT,18311 E. Colima Rd. #C,RESTAURANTS-KOREAN,餐飲食品,626-913-7104
Rowland Hts.,花園餐廳,GORDENS RESTAURANT,19718 E. Colima Rd.,RESTAURANTS-KOREAN,餐飲食品,909-595-1358
Torrance,巨木,GUH-MOK KOREAN B.B.Q.,2216 Sepulveda Bl.,RESTAURANTS-KOREAN,餐飲食品,310-517-9200
Walnut,宮中,GUNG JUNG,19814 E. Colima Rd.,RESTAURANTS-KOREAN,餐飲食品,909-598-1056
Los Angeles,韓國石頭烤肉,HAEJANGCHON RESTAURANT,3821 W. 6th St.,RESTAURANTS-KOREAN,餐飲食品,213-389-8777
Los Angeles,山珍海味 B.B.Q 餐廳,HAM HUNG RESTAURANT,3109 W. Olympic Bl.,RESTAURANTS-KOREAN,餐飲食品,213-381-1520
Diamond Bar,咸興韓國餐廳,HAN HUNG KOREAN RESTAURANT,20627 Golden Springs Dr. #2-A,RESTAURANTS-KOREAN,餐飲食品,909-594-5543
Rowland Hts.,#1 PHO牛肉粉,#1 PHO NOODLE & GRILL,1380 S. Fullerton Rd. #104,RESTAURANTS-VIETNAMESE,餐飲食品,626-965-3242
San Gabriel,順橋碎米飯餐廳,COM TAM THUAN KIEU,120 E. Valley Bl.,RESTAURANTS-VIETNAMESE,餐飲食品,626-280-5660
Alhambra,東源飯店,DONG NGUYEN RESTAURANT,1433 E. Valley Bl.,RESTAURANTS-VIETNAMESE,餐飲食品,626-300-8618
San Gabriel,越南餐室,GOLDEN DELI,815 W. Las Tunas Dr.,RESTAURANTS-VIETNAMESE,餐飲食品,626-308-0803
Alhambra,海南餐室,HAI NAM SAI GON,1425 E. Valley Bl.,RESTAURANTS-VIETNAMESE,餐飲食品,626-300-8079
Rosemead,海防北寧雞粉,HP PHO GA BAC NINH,8930 Mission Dr.#102,RESTAURANTS-VIETNAMESE,餐飲食品,626-288-9999
Westminster,紅龍越南和粉,KIMMY'S VIETNAMESE NOODLE,14932 Bushard St,RESTAURANTS-VIETNAMESE,餐飲食品,714-775-1699
Alhambra,李錦基越南餐廳,LEE KAM KEE VIETNAMESE RESTAURANT,2505 W. Valley Bl.,RESTAURANTS-VIETNAMESE,餐飲食品,626-282-7720
Rosemead,聯發餐館,LIEN PHAT RESTAURANT,8150 E. Garvey Ave. #117F,RESTAURANTS-VIETNAMESE,餐飲食品,626-572-8920
Westminster,祿鼎記,LUC DINH KY RESTAURANT,9812 Bolsa Ave. #100,RESTAURANTS-VIETNAMESE,餐飲食品,714-839-6813
El Monte,金塔,LUCKY K.T. NOODLE FACTORY,10925 Smith Rd.,RESTAURANTS-VIETNAMESE,餐飲食品,626-579-7272
Los Angeles,綿義餐室,MIEN NGHIA NOODLE EXPRESS,304 Ord St.,RESTAURANTS-VIETNAMESE,餐飲食品,213-680-2411
Rosemead,綿義餐室,MIEN NGHIA NOODLE EXPRESS,7755 E. Garvey Ave.,RESTAURANTS-VIETNAMESE,餐飲食品,626-288-0177
Rosemead,,MY HANH RESTAURANT,8450 E. Garvey Ave. #102,RESTAURANTS-VIETNAMESE,餐飲食品,626-571-1988
S. El Monte,美順南越餐廳,MY HANH VIETNAMESE RESTAURANT,9611 E. Garvey Ave. #109,RESTAURANTS-VIETNAMESE,餐飲食品,626-579-5112
Alhambra,新牛肉粉之王,NEW NOODLE CITY,628 W. Valley Bl.,RESTAURANTS-VIETNAMESE,餐飲食品,626-289-3474
Long Beach,,NEW PHO,1036 E. Anaheim St.,RESTAURANTS-VIETNAMESE,餐飲食品,562-432-3133
Monterey Park,牛肉粉之王,NOODLE CITY RESTAURANT,848 E. Garvey Ave. #C,RESTAURANTS-VIETNAMESE,餐飲食品,626-573-3718
Alhambra,越華牛肉粉,NOODLE GUY,1257 E. Valley Bl.,RESTAURANTS-VIETNAMESE,餐飲食品,626-284-1868
Cerritos,越南正宗牛肉粉餐廳,PHO 4000 RESTAURANT,11818 South St. #105-108,RESTAURANTS-VIETNAMESE,餐飲食品,562-865-0563
Rosemead,,PHO 54,8450 Valley Bl. #111-112,RESTAURANTS-VIETNAMESE,餐飲食品,626-571-6663
Garden Grove,,PHO 54,10240 Westminster Ave. #101-1,RESTAURANTS-VIETNAMESE,餐飲食品,714-534-3210
Alhambra,七九餐室,PHO 79 VIETNAMESE RESTAURANT,29 S. Garfield Ave.,RESTAURANTS-VIETNAMESE,餐飲食品,626-289-0239
Westminster,七九餐室,PHO 79 VIETNAMESE RESTAURANT,9200 Bolsa Ave. #117,RESTAURANTS-VIETNAMESE,餐飲食品,714-893-1883
Garden Grove,七九餐室,PHO 79 VIETNAMESE RESTAURANT,9941 Hazard Ave.,RESTAURANTS-VIETNAMESE,餐飲食品,714-531-2490
Rosemead,89 牛肉粉,PHO 89 NOODLE HOUSE,8150 Garvey Ave. #101,RESTAURANTS-VIETNAMESE,餐飲食品,626-280-3638
Los Angeles,九七餐室,PHO 97 VIETNAMESE,727 N. Broadway #120,RESTAURANTS-VIETNAMESE,餐飲食品,213-625-7026
Los Angeles,百匯越南餐廳,PHO BROADWAY VIETNAMESE & CHINESE RESTAURANT,942 N. Broadway #102,RESTAURANTS-VIETNAMESE,餐飲食品,213-572-2507
Rowland Hts.,,PHO EVERY 1 VIETNAMESE RESTAURANT,18977 Colima Rd.,RESTAURANTS-VIETNAMESE,餐飲食品,626-912-0318
Walnut,,PHO EXPRESS,20747 Amar Rd. #8D,RESTAURANTS-VIETNAMESE,餐飲食品,909-468-2220
S. El Monte,正宗越南河粉餐館,PHO FILET,9463 E. Garvey Ave. #A,RESTAURANTS-VIETNAMESE,餐飲食品,626-453-8911
Temple City,招牌牛肉粉,PHO HANH VIETNAMESE RESTAURANT,5727 Las Tunas Dr.,RESTAURANTS-VIETNAMESE,餐飲食品,626-292-6974
City of Industry,越南和粉,PHO HOA VIETNAMESE RESTAURANT,15401-15405 Valley Bl.,RESTAURANTS-VIETNAMESE,餐飲食品,626-330-3046
San Gabriel,,PHO ISLAND EXPRESS NOODLE HOUSE,741 E. Valley Bl,RESTAURANTS-VIETNAMESE,餐飲食品,626-280-8788
Garden Grove,越南餐館,PHO NANDINH RESTAURANT,13032 Harbor Bl.,RESTAURANTS-VIETNAMESE,餐飲食品,714-539-0186
San Gabriel,阮皇越南菜館,PHO NGUYEN HOANG RESTAURANT,401 W. Valley Bl.,RESTAURANTS-VIETNAMESE,餐飲食品,626-281-0017
Monterey Park,越南餐廳,PHO PANH MI CHECALI,745 E. Garvey Ave.,RESTAURANTS-VIETNAMESE,餐飲食品,626-280-5528
Rowland Hts.,,PHO ROWLAND VIETNAMESE RESTAURANT,18910 E. Gale Ave. #A,RESTAURANTS-VIETNAMESE,餐飲食品,626-810-8800
Alhambra,越南美食餐廳,PHO SUPER BOWL VIETNAMESE RESTAURANT,1300 E. Main St. #105,RESTAURANTS-VIETNAMESE,餐飲食品,626-293-7018
Artesia,,PHO TASTY,19117 Pioneer Bl.,RESTAURANTS-VIETNAMESE,餐飲食品,562-924-1838
Rosemead,豐盈酒家,PHONG DINH RESTAURANT,2643 N. San Gabriel Bl.,RESTAURANTS-VIETNAMESE,餐飲食品,626-307-8868
San Gabriel,芽莊美食,QUAN NGONG NHA TRANG,311 E. Valley Bl. #103,RESTAURANTS-VIETNAMESE,餐飲食品,626-572-7638
San Gabriel,西貢苑,SAIGON EDEN VIETNAMESE RESTAUR,980 E. Las Tunas Dr.,RESTAURANTS-VIETNAMESE,餐飲食品,626-287-3158
San Gabriel,越南餐室,SAIGON FLAVOR VIETNAMESE RESTAURANT,208 E. Valley Bl. #B,RESTAURANTS-VIETNAMESE,餐飲食品,626-572-6036
Los Angeles,,SAIGON SANDWICHES,828 N. Broadway #1,RESTAURANTS-VIETNAMESE,餐飲食品,213-625-8721
Westminster,,TAIHO RESTAURANT,9242 Bolsa Ave. #2,RESTAURANTS-VIETNAMESE,餐飲食品,714-895-4796
Gardena,,TAPIOCA PHO,1425 W. Artesia Bl. #19,RESTAURANTS-VIETNAMESE,餐飲食品,310-327-7999
San Gabriel,,TAY HO RESTAURANT,1039 E. Valley Bl. #B-103,RESTAURANTS-VIETNAMESE,餐飲食品,626-280-5207
Los Angeles,清味餐館,THANH VI RESTAURANT,422 W. Ord St.,RESTAURANTS-VIETNAMESE,餐飲食品,213-687-3522
San Gabriel,順橋碎米飯,THUAN KIEU,633 S. San Gabriel Bl. #112,RESTAURANTS-VIETNAMESE,餐飲食品,626-287-0532
